TaiChiStart,{X:-0.4639958 Y:0.5283889 Z:-0.4688311 W:0.534519},{X:0.504842 Y:-0.4895113 Z:0.5101531 W:-0.4952343},{X:-0.5229937 Y:0.4599848 Z:-0.5023119 W:0.5124203},{X:-0.4844214 Y:0.5004438 Z:-0.4596013 W:0.551052},{X:-0.6802462 Y:-0.1077345 Z:0.1055671 W:0.7172964},{X:-0.4107236 Y:-0.4875003 Z:0.4227377 W:0.6441603},{X:-0.5580069 Y:-0.308186 Z:0.6253 W:0.4501662},{X:0.7224744 Y:0.6312414 Z:0.2017554 W:0.1971293},{X:0.4920764 Y:0.8235871 Z:0.1309725 W:0.2498227},{X:0.4920764 Y:0.8235871 Z:0.1309725 W:0.2498227},{X:0.3765799 Y:0.7794551 Z:-0.375534 W:-0.3310763},{X:0.7287944 Y:-0.01795089 Z:-0.02074997 W:0.6841826},{X:0.2547284 Y:-0.125757 Z:0.0758108 W:0.9557988},{X:0.136805 Y:-0.2489694 Z:0.6095074 W:0.7401347},{X:0.6122274 Y:0.536537 Z:-0.3953486 W:-0.425447},{X:0.4891945 Y:0.6506789 Z:-0.2997047 W:-0.4974765},{X:0.4891945 Y:0.6506789 Z:-0.2997047 W:-0.4974765},{X:-0.03755653 Y:-0.2445669 Z:0.699828 W:0.6700875},{X:-0.4304513 Y:0.5235988 Z:-0.4705074 W:0.564959},{X:-0.4059089 Y:0.5428327 Z:-0.4439578 W:0.5860649},{X:-0.4722598 Y:0.4539482 Z:-0.5535178 W:0.5143149},{X:-0.01523071 Y:0.6506003 Z:-0.03012606 W:0.7586697},{X:0.572103 Y:0.4687113 Z:0.5000471 W:0.4505117},{X:0.6025671 Y:0.4288584 Z:0.5293297 W:0.4156965},{X:0.5135593 Y:0.5521796 Z:0.4281247 W:0.49806},{X:0.7573047 Y:0.03009619 Z:0.6502717 W:0.05225468},{X:-0.3628501 Y:0.5908985 Z:-0.3709902 W:0.6176934},{X:-0.3628501 Y:0.5908985 Z:-0.3709902 W:0.6176934},{X:0.1612545 Y:0.6744021 Z:0.1744454 W:0.6991048},{X:0.5908985 Y:0.3628502 Z:0.6176933 W:0.3709902},{X:0.1612545 Y:0.6744021 Z:0.1744454 W:0.6991048},{X:-0.3628501 Y:0.5908985 Z:-0.3709902 W:0.6176934},{X:0 Y:0 Z:0 W:0},{X:0 Y:0 Z:0 W:0},{X:0 Y:0 Z:0 W:0},{X:0 Y:0 Z:0 W:0},{X:0 Y:0 Z:0 W:0},{X:0 Y:0 Z:0 W:0},{X:0 Y:0 Z:0 W:0},{X:0 Y:0 Z:0 W:0},{X:0 Y:0 Z:0 W:0},{X:0 Y:0 Z:0 W:0},{X:0 Y:0 Z:0 W:0},{X:0 Y:0 Z:0 W:0},{X:0 Y:0 Z:0 W:0},{X:0 Y:0 Z:0 W:0},{X:0 Y:0 Z:0 W:0},{X:0 Y:0 Z:0 W:0},{X:0 Y:0 Z:0 W:0},{X:0 Y:0 Z:0 W:0},{X:0 Y:0 Z:0 W:0},{X:0 Y:0 Z:0 W:0},{X:0 Y:0 Z:0 W:0},{X:0 Y:0 Z:0 W:0},{X:0 Y:0 Z:0 W:0},{X:0 Y:0 Z:0 W:0},{X:0 Y:0 Z:0 W:0},{X:0 Y:0 Z:0 W:0},{X:0 Y:0 Z:0 W:0},{X:0 Y:0 Z:0 W:0},{X:0 Y:0 Z:0 W:0},{X:0 Y:0 Z:0 W:0},{X:0 Y:0 Z:0 W:0},{X:0 Y:0 Z:0 W:0},{X:0 Y:0 Z:0 W:0},{X:0 Y:0 Z:0 W:0},{X:0 Y:0 Z:0 W:0},{X:0 Y:0 Z:0 W:0},{X:0 Y:0 Z:0 W:0},{X:0 Y:0 Z:0 W:0},{X:0 Y:0 Z:0 W:0},{X:0 Y:0 Z:0 W:0},{X:0 Y:0 Z:0 W:0},{X:0 Y:0 Z:0 W:0},{X:0 Y:0 Z:0 W:0},{X:0 Y:0 Z:0 W:0},{X:0 Y:0 Z:0 W:0},{X:0 Y:0 Z:0 W:0},{X:0 Y:0 Z:0 W:0},{X:0 Y:0 Z:0 W:0},{X:0 Y:0 Z:0 W:0},{X:0 Y:0 Z:0 W:0},{X:0 Y:0 Z:0 W:0},{X:0 Y:0 Z:0 W:0},{X:0 Y:0 Z:0 W:0},{X:0 Y:0 Z:0 W:0},{X:0 Y:0 Z:0 W:0},{X:0 Y:0 Z:0 W:0},{X:0 Y:0 Z:0 W:0},{X:0 Y:0 Z:0 W:0},{X:0 Y:0 Z:0 W:0},{X:0 Y:0 Z:0 W:0},{X:0 Y:0 Z:0 W:0},{X:0 Y:0 Z:0 W:0},{X:0 Y:0 Z:0 W:0},{X:0 Y:0 Z:0 W:0},{X:0 Y:0 Z:0 W:0},{X:0 Y:0 Z:0 W:0},{X:0 Y:0 Z:0 W:0},{X:0 Y:0 Z:0 W:0}
TaiChiIdle,{X:-0.4680078 Y:0.5158692 Z:-0.4848003 W:0.5289768},{X:-0.4969333 Y:0.4880672 Z:-0.5144526 W:0.5001863},{X:0.4872696 Y:-0.5080628 Z:0.5115271 W:-0.4927275},{X:-0.444957 Y:0.5455023 Z:-0.4703661 W:0.5321617},{X:-0.6607901 Y:-0.102161 Z:0.113657 W:0.734848},{X:-0.4460339 Y:-0.4514762 Z:0.4195183 W:0.6490203},{X:-0.5537284 Y:-0.3100997 Z:0.5830265 W:0.5072503},{X:0.4549566 Y:0.7612647 Z:0.3682405 W:0.2790869},{X:0.5205228 Y:0.7180288 Z:0.3914877 W:0.2454138},{X:0.5205228 Y:0.7180288 Z:0.3914877 W:0.2454138},{X:0.2416566 Y:0.9380394 Z:-0.2223915 W:-0.1105715},{X:0.7220712 Y:-0.1815728 Z:-0.1496602 W:0.6505738},{X:0.6507552 Y:-0.461651 Z:-0.4520853 W:0.3987669},{X:0.4788096 Y:-0.6382362 Z:-0.308811 W:0.517718},{X:0.04163387 Y:-0.0691703 Z:-0.6798819 W:0.728864},{X:0.05502061 Y:-0.05908167 Z:-0.8157426 W:0.5727531},{X:0.05502061 Y:-0.05908167 Z:-0.8157426 W:0.5727531},{X:-0.5207885 Y:0.4928531 Z:0.5485694 W:-0.4300544},{X:-0.4043858 Y:0.5562696 Z:-0.5182639 W:0.5083688},{X:-0.3455249 Y:0.5946127 Z:-0.463633 W:0.5586527},{X:0.4403094 Y:-0.5029883 Z:0.5818559 W:-0.4632215},{X:0.0416795 Y:0.6629614 Z:-0.08656316 W:0.7424633},{X:0.5570974 Y:0.5515233 Z:0.4901713 W:0.3810467},{X:0.5957488 Y:0.5095396 Z:0.5165022 W:0.3444969},{X:0.4840009 Y:0.5843966 Z:0.4663866 W:0.4546508},{X:0.7589843 Y:0.07412346 Z:0.6468546 W:-0.005252643},{X:-0.3060605 Y:0.5301961 Z:-0.3932486 W:0.6859844},{X:-0.3060605 Y:0.5301961 Z:-0.3932486 W:0.6859844},{X:0.1584878 Y:0.5913227 Z:0.2069955 W:0.763133},{X:0.5301961 Y:0.3060605 Z:0.6859844 W:0.3932486},{X:0.1584878 Y:0.5913227 Z:0.2069955 W:0.763133},{X:-0.3060605 Y:0.5301961 Z:-0.3932486 W:0.6859844},{X:0 Y:0 Z:0 W:0},{X:0 Y:0 Z:0 W:0},{X:0 Y:0 Z:0 W:0},{X:0 Y:0 Z:0 W:0},{X:0 Y:0 Z:0 W:0},{X:0 Y:0 Z:0 W:0},{X:0 Y:0 Z:0 W:0},{X:0 Y:0 Z:0 W:0},{X:0 Y:0 Z:0 W:0},{X:0 Y:0 Z:0 W:0},{X:0 Y:0 Z:0 W:0},{X:0 Y:0 Z:0 W:0},{X:0 Y:0 Z:0 W:0},{X:0 Y:0 Z:0 W:0},{X:0 Y:0 Z:0 W:0},{X:0 Y:0 Z:0 W:0},{X:0 Y:0 Z:0 W:0},{X:0 Y:0 Z:0 W:0},{X:0 Y:0 Z:0 W:0},{X:0 Y:0 Z:0 W:0},{X:0 Y:0 Z:0 W:0},{X:0 Y:0 Z:0 W:0},{X:0 Y:0 Z:0 W:0},{X:0 Y:0 Z:0 W:0},{X:0 Y:0 Z:0 W:0},{X:0 Y:0 Z:0 W:0},{X:0 Y:0 Z:0 W:0},{X:0 Y:0 Z:0 W:0},{X:0 Y:0 Z:0 W:0},{X:0 Y:0 Z:0 W:0},{X:0 Y:0 Z:0 W:0},{X:0 Y:0 Z:0 W:0},{X:0 Y:0 Z:0 W:0},{X:0 Y:0 Z:0 W:0},{X:0 Y:0 Z:0 W:0},{X:0 Y:0 Z:0 W:0},{X:0 Y:0 Z:0 W:0},{X:0 Y:0 Z:0 W:0},{X:0 Y:0 Z:0 W:0},{X:0 Y:0 Z:0 W:0},{X:0 Y:0 Z:0 W:0},{X:0 Y:0 Z:0 W:0},{X:0 Y:0 Z:0 W:0},{X:0 Y:0 Z:0 W:0},{X:0 Y:0 Z:0 W:0},{X:0 Y:0 Z:0 W:0},{X:0 Y:0 Z:0 W:0},{X:0 Y:0 Z:0 W:0},{X:0 Y:0 Z:0 W:0},{X:0 Y:0 Z:0 W:0},{X:0 Y:0 Z:0 W:0},{X:0 Y:0 Z:0 W:0},{X:0 Y:0 Z:0 W:0},{X:0 Y:0 Z:0 W:0},{X:0 Y:0 Z:0 W:0},{X:0 Y:0 Z:0 W:0},{X:0 Y:0 Z:0 W:0},{X:0 Y:0 Z:0 W:0},{X:0 Y:0 Z:0 W:0},{X:0 Y:0 Z:0 W:0},{X:0 Y:0 Z:0 W:0},{X:0 Y:0 Z:0 W:0},{X:0 Y:0 Z:0 W:0},{X:0 Y:0 Z:0 W:0},{X:0 Y:0 Z:0 W:0},{X:0 Y:0 Z:0 W:0},{X:0 Y:0 Z:0 W:0},{X:0 Y:0 Z:0 W:0}
TaiChiPose 1,{X:-0.4709213 Y:0.4873334 Z:-0.5228369 W:0.5170889},{X:0.5084293 Y:-0.4480628 Z:0.5625607 W:-0.473566},{X:0.5445438 Y:-0.4391415 Z:0.5591399 W:-0.4449599},{X:0.5075737 Y:-0.481396 Z:0.5216563 W:-0.4883662},{X:-0.7398745 Y:0.07257076 Z:0.03855127 W:0.6677073},{X:0.7754211 Y:-0.1962738 Z:-0.43332 W:-0.4152498},{X:0.6842276 Y:-0.4142872 Z:-0.5357453 W:-0.2705101},{X:0.156367 Y:0.6261052 Z:-0.2765386 W:0.712087},{X:0.263009 Y:0.5893087 Z:-0.1483091 W:0.7493637},{X:0.263009 Y:0.5893087 Z:-0.1483091 W:0.7493637},{X:0.4371422 Y:0.683007 Z:-0.538203 W:0.2296643},{X:0.6666249 Y:-0.04464618 Z:0.0918381 W:0.7383656},{X:0.3935474 Y:-0.5417457 Z:0.1956634 W:0.7164829},{X:0.1959904 Y:-0.6402779 Z:0.418019 W:0.6139154},{X:-0.3447881 Y:-0.6933179 Z:-0.1181226 W:0.6216739},{X:-0.2558623 Y:-0.7308236 Z:-0.1945404 W:0.6021507},{X:-0.2558623 Y:-0.7308236 Z:-0.1945404 W:0.6021507},{X:0.1669307 Y:-0.6144692 Z:0.3188471 W:0.702067},{X:-0.4143888 Y:0.5464084 Z:-0.5287221 W:0.5001728},{X:-0.3277983 Y:0.6023443 Z:-0.4477033 W:0.573839},{X:0.440553 Y:-0.5246928 Z:0.5536075 W:-0.4734228},{X:0.0569572 Y:0.678603 Z:-0.05941999 W:0.7298788},{X:0.5356374 Y:0.5472764 Z:0.5049345 W:0.398274},{X:0.5940428 Y:0.4832611 Z:0.5466114 W:0.3388035},{X:0.4913679 Y:0.5649273 Z:0.4902117 W:0.4462144},{X:0.7505673 Y:0.05524706 Z:0.6578792 W:-0.02813124},{X:-0.2858597 Y:0.6098155 Z:-0.4229349 W:0.606247},{X:-0.2858597 Y:0.6098155 Z:-0.4229349 W:0.606247},{X:0.2290713 Y:0.633338 Z:0.1296213 W:0.7277415},{X:0.6098155 Y:0.2858597 Z:0.6062471 W:0.4229349},{X:0.2290713 Y:0.633338 Z:0.1296213 W:0.7277415},{X:-0.2858597 Y:0.6098155 Z:-0.4229349 W:0.606247},{X:0 Y:0 Z:0 W:0},{X:0 Y:0 Z:0 W:0},{X:0 Y:0 Z:0 W:0},{X:0 Y:0 Z:0 W:0},{X:0 Y:0 Z:0 W:0},{X:0 Y:0 Z:0 W:0},{X:0 Y:0 Z:0 W:0},{X:0 Y:0 Z:0 W:0},{X:0 Y:0 Z:0 W:0},{X:0 Y:0 Z:0 W:0},{X:0 Y:0 Z:0 W:0},{X:0 Y:0 Z:0 W:0},{X:0 Y:0 Z:0 W:0},{X:0 Y:0 Z:0 W:0},{X:0 Y:0 Z:0 W:0},{X:0 Y:0 Z:0 W:0},{X:0 Y:0 Z:0 W:0},{X:0 Y:0 Z:0 W:0},{X:0 Y:0 Z:0 W:0},{X:0 Y:0 Z:0 W:0},{X:0 Y:0 Z:0 W:0},{X:0 Y:0 Z:0 W:0},{X:0 Y:0 Z:0 W:0},{X:0 Y:0 Z:0 W:0},{X:0 Y:0 Z:0 W:0},{X:0 Y:0 Z:0 W:0},{X:0 Y:0 Z:0 W:0},{X:0 Y:0 Z:0 W:0},{X:0 Y:0 Z:0 W:0},{X:0 Y:0 Z:0 W:0},{X:0 Y:0 Z:0 W:0},{X:0 Y:0 Z:0 W:0},{X:0 Y:0 Z:0 W:0},{X:0 Y:0 Z:0 W:0},{X:0 Y:0 Z:0 W:0},{X:0 Y:0 Z:0 W:0},{X:0 Y:0 Z:0 W:0},{X:0 Y:0 Z:0 W:0},{X:0 Y:0 Z:0 W:0},{X:0 Y:0 Z:0 W:0},{X:0 Y:0 Z:0 W:0},{X:0 Y:0 Z:0 W:0},{X:0 Y:0 Z:0 W:0},{X:0 Y:0 Z:0 W:0},{X:0 Y:0 Z:0 W:0},{X:0 Y:0 Z:0 W:0},{X:0 Y:0 Z:0 W:0},{X:0 Y:0 Z:0 W:0},{X:0 Y:0 Z:0 W:0},{X:0 Y:0 Z:0 W:0},{X:0 Y:0 Z:0 W:0},{X:0 Y:0 Z:0 W:0},{X:0 Y:0 Z:0 W:0},{X:0 Y:0 Z:0 W:0},{X:0 Y:0 Z:0 W:0},{X:0 Y:0 Z:0 W:0},{X:0 Y:0 Z:0 W:0},{X:0 Y:0 Z:0 W:0},{X:0 Y:0 Z:0 W:0},{X:0 Y:0 Z:0 W:0},{X:0 Y:0 Z:0 W:0},{X:0 Y:0 Z:0 W:0},{X:0 Y:0 Z:0 W:0},{X:0 Y:0 Z:0 W:0},{X:0 Y:0 Z:0 W:0},{X:0 Y:0 Z:0 W:0},{X:0 Y:0 Z:0 W:0},{X:0 Y:0 Z:0 W:0}
TaiChiPose 2,{X:-0.4680584 Y:0.4984846 Z:-0.5182035 W:0.5137116},{X:0.506066 Y:-0.4598507 Z:0.5572595 W:-0.4710587},{X:0.4929783 Y:-0.465912 Z:0.553934 W:-0.4827584},{X:-0.4540276 Y:0.5039449 Z:-0.5134359 W:0.5256253},{X:-0.7072045 Y:-0.03863236 Z:0.10809 W:0.6976288},{X:-0.5484494 Y:-0.1971995 Z:0.4671433 W:0.6649006},{X:-0.556237 Y:0.174025 Z:0.7738732 W:0.2478629},{X:-0.03125215 Y:0.7813389 Z:-0.01595985 W:0.6231198},{X:-0.0002554925 Y:0.7819636 Z:0.008753024 W:0.6232627},{X:-0.0002554925 Y:0.7819636 Z:0.008753024 W:0.6232627},{X:0.09207883 Y:0.8606503 Z:-0.4588889 W:0.2005579},{X:0.6925144 Y:-0.1986062 Z:-0.02507693 W:0.6930734},{X:0.6335838 Y:-0.6015264 Z:0.01364542 W:0.4863655},{X:-0.2952377 Y:0.8222513 Z:-0.2309897 W:-0.4282304},{X:0.2487585 Y:-0.8198375 Z:0.0939949 W:0.5071005},{X:-0.1524189 Y:0.8430792 Z:-0.1519263 W:-0.4928533},{X:-0.1524189 Y:0.8430792 Z:-0.1519263 W:-0.4928533},{X:0.2004209 Y:-0.6040252 Z:0.7158883 W:0.2872088},{X:-0.4145323 Y:0.5399777 Z:-0.5334975 W:0.5019637},{X:-0.3360554 Y:0.5920056 Z:-0.4590608 W:0.5708409},{X:-0.4328905 Y:0.5391772 Z:-0.5329034 W:0.4877579},{X:0.07274137 Y:0.6835039 Z:-0.03471815 W:0.7254832},{X:0.542465 Y:0.569258 Z:0.4851843 W:0.382457},{X:0.6020023 Y:0.5058891 Z:0.5243601 W:0.3266741},{X:0.506575 Y:0.5592592 Z:0.4961347 W:0.4294894},{X:0.7573271 Y:0.0406076 Z:0.6502672 W:-0.04426316},{X:-0.3445472 Y:0.5537481 Z:-0.4319571 W:0.6229474},{X:-0.3445472 Y:0.5537481 Z:-0.4319571 W:0.6229474},{X:0.1479273 Y:0.6351907 Z:0.1350505 W:0.7459301},{X:0.5537481 Y:0.3445472 Z:0.6229473 W:0.4319571},{X:0.1479273 Y:0.6351907 Z:0.1350505 W:0.7459301},{X:-0.3445472 Y:0.5537481 Z:-0.4319571 W:0.6229474},{X:0 Y:0 Z:0 W:0},{X:0 Y:0 Z:0 W:0},{X:0 Y:0 Z:0 W:0},{X:0 Y:0 Z:0 W:0},{X:0 Y:0 Z:0 W:0},{X:0 Y:0 Z:0 W:0},{X:0 Y:0 Z:0 W:0},{X:0 Y:0 Z:0 W:0},{X:0 Y:0 Z:0 W:0},{X:0 Y:0 Z:0 W:0},{X:0 Y:0 Z:0 W:0},{X:0 Y:0 Z:0 W:0},{X:0 Y:0 Z:0 W:0},{X:0 Y:0 Z:0 W:0},{X:0 Y:0 Z:0 W:0},{X:0 Y:0 Z:0 W:0},{X:0 Y:0 Z:0 W:0},{X:0 Y:0 Z:0 W:0},{X:0 Y:0 Z:0 W:0},{X:0 Y:0 Z:0 W:0},{X:0 Y:0 Z:0 W:0},{X:0 Y:0 Z:0 W:0},{X:0 Y:0 Z:0 W:0},{X:0 Y:0 Z:0 W:0},{X:0 Y:0 Z:0 W:0},{X:0 Y:0 Z:0 W:0},{X:0 Y:0 Z:0 W:0},{X:0 Y:0 Z:0 W:0},{X:0 Y:0 Z:0 W:0},{X:0 Y:0 Z:0 W:0},{X:0 Y:0 Z:0 W:0},{X:0 Y:0 Z:0 W:0},{X:0 Y:0 Z:0 W:0},{X:0 Y:0 Z:0 W:0},{X:0 Y:0 Z:0 W:0},{X:0 Y:0 Z:0 W:0},{X:0 Y:0 Z:0 W:0},{X:0 Y:0 Z:0 W:0},{X:0 Y:0 Z:0 W:0},{X:0 Y:0 Z:0 W:0},{X:0 Y:0 Z:0 W:0},{X:0 Y:0 Z:0 W:0},{X:0 Y:0 Z:0 W:0},{X:0 Y:0 Z:0 W:0},{X:0 Y:0 Z:0 W:0},{X:0 Y:0 Z:0 W:0},{X:0 Y:0 Z:0 W:0},{X:0 Y:0 Z:0 W:0},{X:0 Y:0 Z:0 W:0},{X:0 Y:0 Z:0 W:0},{X:0 Y:0 Z:0 W:0},{X:0 Y:0 Z:0 W:0},{X:0 Y:0 Z:0 W:0},{X:0 Y:0 Z:0 W:0},{X:0 Y:0 Z:0 W:0},{X:0 Y:0 Z:0 W:0},{X:0 Y:0 Z:0 W:0},{X:0 Y:0 Z:0 W:0},{X:0 Y:0 Z:0 W:0},{X:0 Y:0 Z:0 W:0},{X:0 Y:0 Z:0 W:0},{X:0 Y:0 Z:0 W:0},{X:0 Y:0 Z:0 W:0},{X:0 Y:0 Z:0 W:0},{X:0 Y:0 Z:0 W:0},{X:0 Y:0 Z:0 W:0},{X:0 Y:0 Z:0 W:0},{X:0 Y:0 Z:0 W:0}
MenuPose,{X:-0.4374516 Y:0.5179125 Z:-0.482134 W:0.554932},{X:-0.4571243 Y:0.5006343 Z:-0.5032029 W:0.5359007},{X:0.5039732 Y:-0.5003161 Z:0.5837439 W:-0.3936214},{X:0.4622281 Y:-0.5391201 Z:0.550298 W:-0.439166},{X:-0.7204487 Y:0.1479111 Z:-0.1424644 W:0.6624047},{X:0.801634 Y:-0.5448565 Z:-0.2138122 W:-0.1216502},{X:0.6920015 Y:-0.6786895 Z:-0.232033 W:-0.08170141},{X:0.7147712 Y:-0.6886414 Z:-0.07394857 W:0.09698857},{X:-0.6009813 Y:0.7899027 Z:0.05823701 W:-0.1071617},{X:-0.6009813 Y:0.7899027 Z:0.05823701 W:-0.1071617},{X:-0.5491719 Y:0.676722 Z:-0.4567268 W:0.1784886},{X:0.6515729 Y:-0.1881834 Z:-0.1838559 W:0.7115032},{X:0.6247382 Y:-0.5616006 Z:-0.3549007 W:0.4103076},{X:-0.5430132 Y:0.64096 Z:0.2961257 W:-0.4545508},{X:0.271812 Y:-0.2538086 Z:-0.7152017 W:0.5917651},{X:-0.3315444 Y:0.1684602 Z:0.8512743 W:-0.3701777},{X:-0.3315444 Y:0.1684602 Z:0.8512743 W:-0.3701777},{X:-0.6064301 Y:0.6334894 Z:0.4088668 W:-0.2525107},{X:-0.3970681 Y:0.4938862 Z:-0.5280501 W:0.5653108},{X:-0.334008 Y:0.5385292 Z:-0.4552514 W:0.6254367},{X:-0.4435856 Y:0.4783508 Z:-0.5478858 W:0.523673},{X:0.02236928 Y:0.6476879 Z:-0.01974763 W:0.7613213},{X:0.5356917 Y:0.4952789 Z:0.5126332 W:0.4527033},{X:0.579254 Y:0.4435543 Z:0.552248 W:0.4034186},{X:0.5124487 Y:0.5214264 Z:0.4896073 W:0.4751795},{X:0.7350181 Y:0.009395401 Z:0.6779419 W:-0.007408975},{X:-0.2865581 Y:0.5354097 Z:-0.3284109 W:0.7234412},{X:-0.2865581 Y:0.5354097 Z:-0.3284109 W:0.7234412},{X:0.1759647 Y:0.581219 Z:0.2793286 W:0.7437717},{X:0.5354097 Y:0.2865581 Z:0.7234412 W:0.3284109},{X:0.1759647 Y:0.581219 Z:0.2793286 W:0.7437717},{X:-0.2865581 Y:0.5354097 Z:-0.3284109 W:0.7234412},{X:0 Y:0 Z:0 W:0},{X:0 Y:0 Z:0 W:0},{X:0 Y:0 Z:0 W:0},{X:0 Y:0 Z:0 W:0},{X:0 Y:0 Z:0 W:0},{X:0 Y:0 Z:0 W:0},{X:0 Y:0 Z:0 W:0},{X:0 Y:0 Z:0 W:0},{X:0 Y:0 Z:0 W:0},{X:0 Y:0 Z:0 W:0},{X:0 Y:0 Z:0 W:0},{X:0 Y:0 Z:0 W:0},{X:0 Y:0 Z:0 W:0},{X:0 Y:0 Z:0 W:0},{X:0 Y:0 Z:0 W:0},{X:0 Y:0 Z:0 W:0},{X:0 Y:0 Z:0 W:0},{X:0 Y:0 Z:0 W:0},{X:0 Y:0 Z:0 W:0},{X:0 Y:0 Z:0 W:0},{X:0 Y:0 Z:0 W:0},{X:0 Y:0 Z:0 W:0},{X:0 Y:0 Z:0 W:0},{X:0 Y:0 Z:0 W:0},{X:0 Y:0 Z:0 W:0},{X:0 Y:0 Z:0 W:0},{X:0 Y:0 Z:0 W:0},{X:0 Y:0 Z:0 W:0},{X:0 Y:0 Z:0 W:0},{X:0 Y:0 Z:0 W:0},{X:0 Y:0 Z:0 W:0},{X:0 Y:0 Z:0 W:0},{X:0 Y:0 Z:0 W:0},{X:0 Y:0 Z:0 W:0},{X:0 Y:0 Z:0 W:0},{X:0 Y:0 Z:0 W:0},{X:0 Y:0 Z:0 W:0},{X:0 Y:0 Z:0 W:0},{X:0 Y:0 Z:0 W:0},{X:0 Y:0 Z:0 W:0},{X:0 Y:0 Z:0 W:0},{X:0 Y:0 Z:0 W:0},{X:0 Y:0 Z:0 W:0},{X:0 Y:0 Z:0 W:0},{X:0 Y:0 Z:0 W:0},{X:0 Y:0 Z:0 W:0},{X:0 Y:0 Z:0 W:0},{X:0 Y:0 Z:0 W:0},{X:0 Y:0 Z:0 W:0},{X:0 Y:0 Z:0 W:0},{X:0 Y:0 Z:0 W:0},{X:0 Y:0 Z:0 W:0},{X:0 Y:0 Z:0 W:0},{X:0 Y:0 Z:0 W:0},{X:0 Y:0 Z:0 W:0},{X:0 Y:0 Z:0 W:0},{X:0 Y:0 Z:0 W:0},{X:0 Y:0 Z:0 W:0},{X:0 Y:0 Z:0 W:0},{X:0 Y:0 Z:0 W:0},{X:0 Y:0 Z:0 W:0},{X:0 Y:0 Z:0 W:0},{X:0 Y:0 Z:0 W:0},{X:0 Y:0 Z:0 W:0},{X:0 Y:0 Z:0 W:0},{X:0 Y:0 Z:0 W:0},{X:0 Y:0 Z:0 W:0},{X:0 Y:0 Z:0 W:0}
PoseM,{X:-0.4657516 Y:0.4921739 Z:-0.5072185 W:0.5325125},{X:0.4967375 Y:-0.4608814 Z:0.5407371 W:-0.4984412},{X:-0.4353198 Y:0.3733254 Z:-0.5909046 W:0.5674121},{X:-0.4039796 Y:0.4070328 Z:-0.5434989 W:0.6129712},{X:-0.723067 Y:-0.1721303 Z:0.1100581 W:0.6598731},{X:-0.4593903 Y:-0.4796535 Z:0.4236516 W:0.6159647},{X:-0.556793 Y:-0.3620613 Z:0.5531297 W:0.5029321},{X:0.6429541 Y:0.6959927 Z:0.2341821 W:0.2176304},{X:0.5318658 Y:0.7841649 Z:0.1990746 W:0.250147},{X:0.5318658 Y:0.7841649 Z:0.1990746 W:0.250147},{X:0.4122601 Y:0.8014204 Z:-0.3569773 W:-0.2456302},{X:0.6833001 Y:-0.2815324 Z:0.1596675 W:0.6544821},{X:0.4057838 Y:-0.5414569 Z:0.182109 W:0.7134425},{X:0.147181 Y:-0.6604347 Z:0.4594223 W:0.5754086},{X:0.6409498 Y:0.2257333 Z:0.6385027 W:-0.3613063},{X:0.5923171 Y:0.3330655 Z:0.6913196 W:-0.2455708},{X:0.5923171 Y:0.3330655 Z:0.6913196 W:-0.2455708},{X:0.05240356 Y:0.4201705 Z:0.7635214 W:-0.4875917},{X:-0.3380376 Y:0.4684003 Z:-0.5840991 W:0.570228},{X:-0.2915675 Y:0.4986432 Z:-0.5266571 W:0.6236791},{X:-0.4016554 Y:0.5050639 Z:-0.550055 W:0.5301159},{X:0.07095882 Y:0.6370521 Z:-0.01702002 W:0.7673589},{X:0.5441443 Y:0.5284159 Z:0.5045121 W:0.412494},{X:0.5923119 Y:0.473807 Z:0.5416493 W:0.3623391},{X:0.5349317 Y:0.5510916 Z:0.4860983 W:0.4169586},{X:0.7716139 Y:0.01484966 Z:0.6342342 W:-0.04624372},{X:-0.2749762 Y:0.5922523 Z:-0.3536154 W:0.6697624},{X:-0.2749762 Y:0.5922523 Z:-0.3536154 W:0.6697624},{X:0.2243481 Y:0.6132231 Z:0.2235497 W:0.7236373},{X:0.5922523 Y:0.2749762 Z:0.6697624 W:0.3536154},{X:0.2243481 Y:0.6132231 Z:0.2235497 W:0.7236373},{X:-0.2749762 Y:0.5922523 Z:-0.3536154 W:0.6697624},{X:0 Y:0 Z:0 W:0},{X:0 Y:0 Z:0 W:0},{X:0 Y:0 Z:0 W:0},{X:0 Y:0 Z:0 W:0},{X:0 Y:0 Z:0 W:0},{X:0 Y:0 Z:0 W:0},{X:0 Y:0 Z:0 W:0},{X:0 Y:0 Z:0 W:0},{X:0 Y:0 Z:0 W:0},{X:0 Y:0 Z:0 W:0},{X:0 Y:0 Z:0 W:0},{X:0 Y:0 Z:0 W:0},{X:0 Y:0 Z:0 W:0},{X:0 Y:0 Z:0 W:0},{X:0 Y:0 Z:0 W:0},{X:0 Y:0 Z:0 W:0},{X:0 Y:0 Z:0 W:0},{X:0 Y:0 Z:0 W:0},{X:0 Y:0 Z:0 W:0},{X:0 Y:0 Z:0 W:0},{X:0 Y:0 Z:0 W:0},{X:0 Y:0 Z:0 W:0},{X:0 Y:0 Z:0 W:0},{X:0 Y:0 Z:0 W:0},{X:0 Y:0 Z:0 W:0},{X:0 Y:0 Z:0 W:0},{X:0 Y:0 Z:0 W:0},{X:0 Y:0 Z:0 W:0},{X:0 Y:0 Z:0 W:0},{X:0 Y:0 Z:0 W:0},{X:0 Y:0 Z:0 W:0},{X:0 Y:0 Z:0 W:0},{X:0 Y:0 Z:0 W:0},{X:0 Y:0 Z:0 W:0},{X:0 Y:0 Z:0 W:0},{X:0 Y:0 Z:0 W:0},{X:0 Y:0 Z:0 W:0},{X:0 Y:0 Z:0 W:0},{X:0 Y:0 Z:0 W:0},{X:0 Y:0 Z:0 W:0},{X:0 Y:0 Z:0 W:0},{X:0 Y:0 Z:0 W:0},{X:0 Y:0 Z:0 W:0},{X:0 Y:0 Z:0 W:0},{X:0 Y:0 Z:0 W:0},{X:0 Y:0 Z:0 W:0},{X:0 Y:0 Z:0 W:0},{X:0 Y:0 Z:0 W:0},{X:0 Y:0 Z:0 W:0},{X:0 Y:0 Z:0 W:0},{X:0 Y:0 Z:0 W:0},{X:0 Y:0 Z:0 W:0},{X:0 Y:0 Z:0 W:0},{X:0 Y:0 Z:0 W:0},{X:0 Y:0 Z:0 W:0},{X:0 Y:0 Z:0 W:0},{X:0 Y:0 Z:0 W:0},{X:0 Y:0 Z:0 W:0},{X:0 Y:0 Z:0 W:0},{X:0 Y:0 Z:0 W:0},{X:0 Y:0 Z:0 W:0},{X:0 Y:0 Z:0 W:0},{X:0 Y:0 Z:0 W:0},{X:0 Y:0 Z:0 W:0},{X:0 Y:0 Z:0 W:0},{X:0 Y:0 Z:0 W:0},{X:0 Y:0 Z:0 W:0},{X:0 Y:0 Z:0 W:0}
FireFight Wide Stance,{X:-0.3903067 Y:0.5359597 Z:-0.4408 W:0.6050646},{X:-0.3647814 Y:0.5536486 Z:-0.4119834 W:0.625042},{X:-0.4857833 Y:0.5287084 Z:-0.4397232 W:0.5395604},{X:-0.4418199 Y:0.5659621 Z:-0.3950379 W:0.5730855},{X:-0.609868 Y:0.001088389 Z:0.1831384 W:0.7710513},{X:-0.6267962 Y:0.12126 Z:0.5464557 W:0.5420411},{X:-0.5986798 Y:0.2217209 Z:0.6274367 W:0.4458089},{X:0.8370475 Y:0.1813049 Z:-0.4308682 W:0.2843107},{X:0.6144301 Y:0.5966538 Z:-0.5160444 W:0.01334607},{X:0.6144301 Y:0.5966538 Z:-0.5160444 W:0.01334607},{X:-0.5222438 Y:-0.04409315 Z:0.6016741 W:0.6027483},{X:0.7798 Y:-0.1186409 Z:0.005240394 W:0.6146615},{X:0.587611 Y:-0.4139761 Z:0.06999033 W:0.6916925},{X:0.5186064 Y:-0.497705 Z:0.1733041 W:0.6732777},{X:0.1187727 Y:-0.4680228 Z:0.4312286 W:0.7621611},{X:0.3419949 Y:-0.3408692 Z:-0.02068828 W:0.8754539},{X:0.3419949 Y:-0.3408692 Z:-0.02068828 W:0.8754539},{X:0.5279179 Y:-0.0321477 Z:0.6188104 W:0.5808123},{X:0.2981563 Y:-0.330169 Z:0.7966205 W:-0.4092519},{X:-0.1190256 Y:0.4286642 Z:-0.5293749 W:0.7223865},{X:-0.2503286 Y:0.5134571 Z:-0.4826622 W:0.6638784},{X:0.185031 Y:0.5360911 Z:0.1244249 W:0.8141794},{X:0.4039751 Y:0.7173706 Z:0.4137443 W:0.3885861},{X:0.6432992 Y:0.5137642 Z:0.5291668 W:0.2054139},{X:0.5542246 Y:0.4516937 Z:0.6045547 W:0.3511715},{X:0.7155291 Y:-0.06854019 Z:0.67234 W:-0.1768599},{X:-0.4063638 Y:0.3665764 Z:-0.5650256 W:0.6174434},{X:-0.4063638 Y:0.3665764 Z:-0.5650256 W:0.6174434},{X:-0.02813386 Y:0.5465512 Z:0.03706499 W:0.8361318},{X:0.3665765 Y:0.4063637 Z:0.6174434 W:0.5650256},{X:-0.02813386 Y:0.5465512 Z:0.03706499 W:0.8361318},{X:-0.4063638 Y:0.3665764 Z:-0.5650256 W:0.6174434},{X:0 Y:0 Z:0 W:0},{X:0 Y:0 Z:0 W:0},{X:0 Y:0 Z:0 W:0},{X:0 Y:0 Z:0 W:0},{X:0 Y:0 Z:0 W:0},{X:0 Y:0 Z:0 W:0},{X:0 Y:0 Z:0 W:0},{X:0 Y:0 Z:0 W:0},{X:0 Y:0 Z:0 W:0},{X:0 Y:0 Z:0 W:0},{X:0 Y:0 Z:0 W:0},{X:0 Y:0 Z:0 W:0},{X:0 Y:0 Z:0 W:0},{X:0 Y:0 Z:0 W:0},{X:0 Y:0 Z:0 W:0},{X:0 Y:0 Z:0 W:0},{X:0 Y:0 Z:0 W:0},{X:0 Y:0 Z:0 W:0},{X:0 Y:0 Z:0 W:0},{X:0 Y:0 Z:0 W:0},{X:0 Y:0 Z:0 W:0},{X:0 Y:0 Z:0 W:0},{X:0 Y:0 Z:0 W:0},{X:0 Y:0 Z:0 W:0},{X:0 Y:0 Z:0 W:0},{X:0 Y:0 Z:0 W:0},{X:0 Y:0 Z:0 W:0},{X:0 Y:0 Z:0 W:0},{X:0 Y:0 Z:0 W:0},{X:0 Y:0 Z:0 W:0},{X:0 Y:0 Z:0 W:0},{X:0 Y:0 Z:0 W:0},{X:0 Y:0 Z:0 W:0},{X:0 Y:0 Z:0 W:0},{X:0 Y:0 Z:0 W:0},{X:0 Y:0 Z:0 W:0},{X:0 Y:0 Z:0 W:0},{X:0 Y:0 Z:0 W:0},{X:0 Y:0 Z:0 W:0},{X:0 Y:0 Z:0 W:0},{X:0 Y:0 Z:0 W:0},{X:0 Y:0 Z:0 W:0},{X:0 Y:0 Z:0 W:0},{X:0 Y:0 Z:0 W:0},{X:0 Y:0 Z:0 W:0},{X:0 Y:0 Z:0 W:0},{X:0 Y:0 Z:0 W:0},{X:0 Y:0 Z:0 W:0},{X:0 Y:0 Z:0 W:0},{X:0 Y:0 Z:0 W:0},{X:0 Y:0 Z:0 W:0},{X:0 Y:0 Z:0 W:0},{X:0 Y:0 Z:0 W:0},{X:0 Y:0 Z:0 W:0},{X:0 Y:0 Z:0 W:0},{X:0 Y:0 Z:0 W:0},{X:0 Y:0 Z:0 W:0},{X:0 Y:0 Z:0 W:0},{X:0 Y:0 Z:0 W:0},{X:0 Y:0 Z:0 W:0},{X:0 Y:0 Z:0 W:0},{X:0 Y:0 Z:0 W:0},{X:0 Y:0 Z:0 W:0},{X:0 Y:0 Z:0 W:0},{X:0 Y:0 Z:0 W:0},{X:0 Y:0 Z:0 W:0},{X:0 Y:0 Z:0 W:0},{X:0 Y:0 Z:0 W:0}
DD Start,{X:-0.4639958 Y:0.5283889 Z:-0.4688311 W:0.534519},{X:0.504842 Y:-0.4895113 Z:0.5101531 W:-0.4952343},{X:-0.5229937 Y:0.4599848 Z:-0.5023119 W:0.5124203},{X:-0.4844214 Y:0.5004438 Z:-0.4596013 W:0.551052},{X:-0.6802462 Y:-0.1077345 Z:0.1055671 W:0.7172964},{X:-0.4107236 Y:-0.4875003 Z:0.4227377 W:0.6441603},{X:-0.5580069 Y:-0.308186 Z:0.6253 W:0.4501662},{X:0.7224744 Y:0.6312414 Z:0.2017554 W:0.1971293},{X:0.4920764 Y:0.8235871 Z:0.1309725 W:0.2498227},{X:0.4920764 Y:0.8235871 Z:0.1309725 W:0.2498227},{X:0.3765799 Y:0.7794551 Z:-0.375534 W:-0.3310763},{X:0.7287944 Y:-0.01795089 Z:-0.02074997 W:0.6841826},{X:0.2547284 Y:-0.125757 Z:0.0758108 W:0.9557988},{X:0.136805 Y:-0.2489694 Z:0.6095074 W:0.7401347},{X:0.6122274 Y:0.536537 Z:-0.3953486 W:-0.425447},{X:0.4891945 Y:0.6506789 Z:-0.2997047 W:-0.4974765},{X:0.4891945 Y:0.6506789 Z:-0.2997047 W:-0.4974765},{X:-0.03755653 Y:-0.2445669 Z:0.699828 W:0.6700875},{X:-0.4304513 Y:0.5235988 Z:-0.4705074 W:0.564959},{X:-0.4059089 Y:0.5428327 Z:-0.4439578 W:0.5860649},{X:-0.4722598 Y:0.4539482 Z:-0.5535178 W:0.5143149},{X:-0.01523071 Y:0.6506003 Z:-0.03012606 W:0.7586697},{X:0.572103 Y:0.4687113 Z:0.5000471 W:0.4505117},{X:0.6025671 Y:0.4288584 Z:0.5293297 W:0.4156965},{X:0.5135593 Y:0.5521796 Z:0.4281247 W:0.49806},{X:0.7573047 Y:0.03009619 Z:0.6502717 W:0.05225468},{X:-0.3628501 Y:0.5908985 Z:-0.3709902 W:0.6176934},{X:-0.3628501 Y:0.5908985 Z:-0.3709902 W:0.6176934},{X:0.1612545 Y:0.6744021 Z:0.1744454 W:0.6991048},{X:0.5908985 Y:0.3628502 Z:0.6176933 W:0.3709902},{X:0.1612545 Y:0.6744021 Z:0.1744454 W:0.6991048},{X:-0.3628501 Y:0.5908985 Z:-0.3709902 W:0.6176934},{X:0 Y:0 Z:0 W:0},{X:0 Y:0 Z:0 W:0},{X:0 Y:0 Z:0 W:0},{X:0 Y:0 Z:0 W:0},{X:0 Y:0 Z:0 W:0},{X:0 Y:0 Z:0 W:0},{X:0 Y:0 Z:0 W:0},{X:0 Y:0 Z:0 W:0},{X:0 Y:0 Z:0 W:0},{X:0 Y:0 Z:0 W:0},{X:0 Y:0 Z:0 W:0},{X:0 Y:0 Z:0 W:0},{X:0 Y:0 Z:0 W:0},{X:0 Y:0 Z:0 W:0},{X:0 Y:0 Z:0 W:0},{X:0 Y:0 Z:0 W:0},{X:0 Y:0 Z:0 W:0},{X:0 Y:0 Z:0 W:0},{X:0 Y:0 Z:0 W:0},{X:0 Y:0 Z:0 W:0},{X:0 Y:0 Z:0 W:0},{X:0 Y:0 Z:0 W:0},{X:0 Y:0 Z:0 W:0},{X:0 Y:0 Z:0 W:0},{X:0 Y:0 Z:0 W:0},{X:0 Y:0 Z:0 W:0},{X:0 Y:0 Z:0 W:0},{X:0 Y:0 Z:0 W:0},{X:0 Y:0 Z:0 W:0},{X:0 Y:0 Z:0 W:0},{X:0 Y:0 Z:0 W:0},{X:0 Y:0 Z:0 W:0},{X:0 Y:0 Z:0 W:0},{X:0 Y:0 Z:0 W:0},{X:0 Y:0 Z:0 W:0},{X:0 Y:0 Z:0 W:0},{X:0 Y:0 Z:0 W:0},{X:0 Y:0 Z:0 W:0},{X:0 Y:0 Z:0 W:0},{X:0 Y:0 Z:0 W:0},{X:0 Y:0 Z:0 W:0},{X:0 Y:0 Z:0 W:0},{X:0 Y:0 Z:0 W:0},{X:0 Y:0 Z:0 W:0},{X:0 Y:0 Z:0 W:0},{X:0 Y:0 Z:0 W:0},{X:0 Y:0 Z:0 W:0},{X:0 Y:0 Z:0 W:0},{X:0 Y:0 Z:0 W:0},{X:0 Y:0 Z:0 W:0},{X:0 Y:0 Z:0 W:0},{X:0 Y:0 Z:0 W:0},{X:0 Y:0 Z:0 W:0},{X:0 Y:0 Z:0 W:0},{X:0 Y:0 Z:0 W:0},{X:0 Y:0 Z:0 W:0},{X:0 Y:0 Z:0 W:0},{X:0 Y:0 Z:0 W:0},{X:0 Y:0 Z:0 W:0},{X:0 Y:0 Z:0 W:0},{X:0 Y:0 Z:0 W:0},{X:0 Y:0 Z:0 W:0},{X:0 Y:0 Z:0 W:0},{X:0 Y:0 Z:0 W:0},{X:0 Y:0 Z:0 W:0},{X:0 Y:0 Z:0 W:0},{X:0 Y:0 Z:0 W:0},{X:0 Y:0 Z:0 W:0}
DD 1,{X:-0.5032785 Y:0.5553557 Z:-0.5005818 W:0.4332536},{X:-0.451603 Y:0.5981337 Z:-0.4598354 W:0.4762795},{X:-0.4742362 Y:0.5130352 Z:-0.4955454 W:0.5160713},{X:-0.4315669 Y:0.5494134 Z:-0.452564 W:0.5541486},{X:-0.6405972 Y:0.05212879 Z:-0.02675392 W:0.7656383},{X:0.9774019 Y:0.006117714 Z:-0.06259415 W:-0.201817},{X:0.8700156 Y:-0.4454488 Z:-0.1486347 W:-0.1501861},{X:0.04791554 Y:-0.1503566 Z:-0.4151478 W:0.8959628},{X:0.02575801 Y:-0.1556905 Z:-0.2817611 W:0.9464183},{X:0.02575801 Y:-0.1556905 Z:-0.2817611 W:0.9464183},{X:0.6426722 Y:-0.2280313 Z:-0.2961781 W:0.6687696},{X:0.7642474 Y:-0.02953437 Z:0.06711444 W:0.6407413},{X:0.2564447 Y:-0.1227239 Z:0.04886412 W:0.95749},{X:0.1293038 Y:-0.2531907 Z:0.6200283 W:0.7312591},{X:0.860477 Y:0.4753577 Z:-0.171536 W:-0.06472925},{X:0.9149281 Y:0.3595722 Z:-0.1784901 W:-0.04190181},{X:0.9149281 Y:0.3595722 Z:-0.1784901 W:-0.04190181},{X:-0.5999318 Y:-0.4394562 Z:0.07778522 W:0.6640102},{X:0.6961622 Y:-0.1294743 Z:0.6920088 W:-0.1404227},{X:-0.2883764 Y:0.6467643 Z:-0.2769355 W:0.6494933},{X:-0.2492037 Y:0.6557738 Z:-0.2515658 W:0.6667629},{X:0.2870639 Y:0.637174 Z:0.2898227 W:0.6539161},{X:0.5822851 Y:0.5353352 Z:0.429815 W:0.4354531},{X:0.6710333 Y:0.4187542 Z:0.5026709 W:0.3488283},{X:0.6419384 Y:0.4349807 Z:0.4990243 W:0.3868871},{X:0.7657458 Y:-0.1427624 Z:0.6222758 W:-0.07762151},{X:-0.2598282 Y:0.649096 Z:-0.3159288 W:0.6413679},{X:-0.2598282 Y:0.649096 Z:-0.3159288 W:0.6413679},{X:0.2752538 Y:0.6427064 Z:0.2301201 W:0.676911},{X:0.6490959 Y:0.2598282 Z:0.6413679 W:0.3159288},{X:0.2752538 Y:0.6427064 Z:0.2301201 W:0.676911},{X:-0.2598282 Y:0.649096 Z:-0.3159288 W:0.6413679},{X:0 Y:0 Z:0 W:0},{X:0 Y:0 Z:0 W:0},{X:0 Y:0 Z:0 W:0},{X:0 Y:0 Z:0 W:0},{X:0 Y:0 Z:0 W:0},{X:0 Y:0 Z:0 W:0},{X:0 Y:0 Z:0 W:0},{X:0 Y:0 Z:0 W:0},{X:0 Y:0 Z:0 W:0},{X:0 Y:0 Z:0 W:0},{X:0 Y:0 Z:0 W:0},{X:0 Y:0 Z:0 W:0},{X:0 Y:0 Z:0 W:0},{X:0 Y:0 Z:0 W:0},{X:0 Y:0 Z:0 W:0},{X:0 Y:0 Z:0 W:0},{X:0 Y:0 Z:0 W:0},{X:0 Y:0 Z:0 W:0},{X:0 Y:0 Z:0 W:0},{X:0 Y:0 Z:0 W:0},{X:0 Y:0 Z:0 W:0},{X:0 Y:0 Z:0 W:0},{X:0 Y:0 Z:0 W:0},{X:0 Y:0 Z:0 W:0},{X:0 Y:0 Z:0 W:0},{X:0 Y:0 Z:0 W:0},{X:0 Y:0 Z:0 W:0},{X:0 Y:0 Z:0 W:0},{X:0 Y:0 Z:0 W:0},{X:0 Y:0 Z:0 W:0},{X:0 Y:0 Z:0 W:0},{X:0 Y:0 Z:0 W:0},{X:0 Y:0 Z:0 W:0},{X:0 Y:0 Z:0 W:0},{X:0 Y:0 Z:0 W:0},{X:0 Y:0 Z:0 W:0},{X:0 Y:0 Z:0 W:0},{X:0 Y:0 Z:0 W:0},{X:0 Y:0 Z:0 W:0},{X:0 Y:0 Z:0 W:0},{X:0 Y:0 Z:0 W:0},{X:0 Y:0 Z:0 W:0},{X:0 Y:0 Z:0 W:0},{X:0 Y:0 Z:0 W:0},{X:0 Y:0 Z:0 W:0},{X:0 Y:0 Z:0 W:0},{X:0 Y:0 Z:0 W:0},{X:0 Y:0 Z:0 W:0},{X:0 Y:0 Z:0 W:0},{X:0 Y:0 Z:0 W:0},{X:0 Y:0 Z:0 W:0},{X:0 Y:0 Z:0 W:0},{X:0 Y:0 Z:0 W:0},{X:0 Y:0 Z:0 W:0},{X:0 Y:0 Z:0 W:0},{X:0 Y:0 Z:0 W:0},{X:0 Y:0 Z:0 W:0},{X:0 Y:0 Z:0 W:0},{X:0 Y:0 Z:0 W:0},{X:0 Y:0 Z:0 W:0},{X:0 Y:0 Z:0 W:0},{X:0 Y:0 Z:0 W:0},{X:0 Y:0 Z:0 W:0},{X:0 Y:0 Z:0 W:0},{X:0 Y:0 Z:0 W:0},{X:0 Y:0 Z:0 W:0},{X:0 Y:0 Z:0 W:0},{X:0 Y:0 Z:0 W:0}
DD 2,{X:0.6460928 Y:-0.4408176 Z:-0.4427325 W:0.4384425},{X:0.6431444 Y:-0.4451083 Z:-0.4398043 W:0.4413798},{X:0.6827655 Y:-0.3561145 Z:-0.3032165 W:0.5613142},{X:0.6520085 Y:-0.4097208 Z:-0.2572263 W:0.5838223},{X:-0.3190677 Y:0.6770627 Z:0.6402075 W:-0.1729628},{X:-0.1654282 Y:0.5931034 Z:0.7525332 W:-0.2335715},{X:-0.02007658 Y:0.6154146 Z:0.6756888 W:-0.4053474},{X:-0.3943524 Y:0.3689471 Z:0.8298213 W:-0.1405731},{X:-0.3930186 Y:0.3703677 Z:0.8293086 W:-0.1435665},{X:-0.3930186 Y:0.3703677 Z:0.8293086 W:-0.1435665},{X:-0.5063356 Y:0.6136004 Z:0.1914636 W:0.574857},{X:0.1686955 Y:-0.6370398 Z:0.6562245 W:-0.367548},{X:0.3452941 Y:-0.5479795 Z:0.5884437 W:-0.4839673},{X:0.3456101 Y:-0.5477803 Z:0.5887227 W:-0.4836279},{X:-0.4858972 Y:0.6366791 Z:0.594162 W:-0.07426497},{X:-0.3660675 Y:0.7123559 Z:0.5717692 W:-0.1778302},{X:-0.3660675 Y:0.7123559 Z:0.5717692 W:-0.1778302},{X:-0.3912098 Y:0.9154163 Z:0.04679291 W:0.08233057},{X:0.5990558 Y:-0.5402254 Z:-0.3365986 W:0.485788},{X:0.5820221 Y:-0.5585446 Z:-0.3214367 W:0.4959402},{X:0.6882929 Y:-0.3776058 Z:-0.4627766 W:0.4117094},{X:0.2219542 Y:-0.7564684 Z:-0.03935825 W:0.6139566},{X:-0.6057786 Y:-0.4566518 Z:0.3289847 W:0.5623792},{X:-0.6243465 Y:-0.4309371 Z:0.3523267 W:0.5480427},{X:-0.5586864 Y:-0.5551255 Z:0.228193 W:0.5723925},{X:0.7842469 Y:0.002097951 Z:-0.5697168 W:-0.2457139},{X:0.3314071 Y:0.09521914 Z:-0.379497 W:0.8585364},{X:0.3314071 Y:0.09521914 Z:-0.379497 W:0.8585364},{X:0.3016703 Y:-0.1670101 Z:0.3387319 W:0.8754218},{X:0.09521914 Y:-0.3314071 Z:0.8585364 W:0.379497},{X:0.3016703 Y:-0.1670101 Z:0.3387319 W:0.8754218},{X:0.3314071 Y:0.09521914 Z:-0.379497 W:0.8585364},{X:0 Y:0 Z:0 W:0},{X:0 Y:0 Z:0 W:0},{X:0 Y:0 Z:0 W:0},{X:0 Y:0 Z:0 W:0},{X:0 Y:0 Z:0 W:0},{X:0 Y:0 Z:0 W:0},{X:0 Y:0 Z:0 W:0},{X:0 Y:0 Z:0 W:0},{X:0 Y:0 Z:0 W:0},{X:0 Y:0 Z:0 W:0},{X:0 Y:0 Z:0 W:0},{X:0 Y:0 Z:0 W:0},{X:0 Y:0 Z:0 W:0},{X:0 Y:0 Z:0 W:0},{X:0 Y:0 Z:0 W:0},{X:0 Y:0 Z:0 W:0},{X:0 Y:0 Z:0 W:0},{X:0 Y:0 Z:0 W:0},{X:0 Y:0 Z:0 W:0},{X:0 Y:0 Z:0 W:0},{X:0 Y:0 Z:0 W:0},{X:0 Y:0 Z:0 W:0},{X:0 Y:0 Z:0 W:0},{X:0 Y:0 Z:0 W:0},{X:0 Y:0 Z:0 W:0},{X:0 Y:0 Z:0 W:0},{X:0 Y:0 Z:0 W:0},{X:0 Y:0 Z:0 W:0},{X:0 Y:0 Z:0 W:0},{X:0 Y:0 Z:0 W:0},{X:0 Y:0 Z:0 W:0},{X:0 Y:0 Z:0 W:0},{X:0 Y:0 Z:0 W:0},{X:0 Y:0 Z:0 W:0},{X:0 Y:0 Z:0 W:0},{X:0 Y:0 Z:0 W:0},{X:0 Y:0 Z:0 W:0},{X:0 Y:0 Z:0 W:0},{X:0 Y:0 Z:0 W:0},{X:0 Y:0 Z:0 W:0},{X:0 Y:0 Z:0 W:0},{X:0 Y:0 Z:0 W:0},{X:0 Y:0 Z:0 W:0},{X:0 Y:0 Z:0 W:0},{X:0 Y:0 Z:0 W:0},{X:0 Y:0 Z:0 W:0},{X:0 Y:0 Z:0 W:0},{X:0 Y:0 Z:0 W:0},{X:0 Y:0 Z:0 W:0},{X:0 Y:0 Z:0 W:0},{X:0 Y:0 Z:0 W:0},{X:0 Y:0 Z:0 W:0},{X:0 Y:0 Z:0 W:0},{X:0 Y:0 Z:0 W:0},{X:0 Y:0 Z:0 W:0},{X:0 Y:0 Z:0 W:0},{X:0 Y:0 Z:0 W:0},{X:0 Y:0 Z:0 W:0},{X:0 Y:0 Z:0 W:0},{X:0 Y:0 Z:0 W:0},{X:0 Y:0 Z:0 W:0},{X:0 Y:0 Z:0 W:0},{X:0 Y:0 Z:0 W:0},{X:0 Y:0 Z:0 W:0},{X:0 Y:0 Z:0 W:0},{X:0 Y:0 Z:0 W:0},{X:0 Y:0 Z:0 W:0},{X:0 Y:0 Z:0 W:0}
DD 3,{X:0.2396912 Y:-0.1515464 Z:-0.6407428 W:0.7134638},{X:0.2459439 Y:-0.141173 Z:-0.6706244 W:0.6854522},{X:0.4123482 Y:-0.3411221 Z:-0.5325807 W:0.6557152},{X:0.3836645 Y:-0.373091 Z:-0.4782815 W:0.6963128},{X:0.07911894 Y:0.7594625 Z:0.6283152 W:-0.148919},{X:0.5019207 Y:0.7249165 Z:0.3340631 W:-0.3331268},{X:0.7643549 Y:0.4395339 Z:0.1588711 W:-0.4442202},{X:0.9351422 Y:-0.2701134 Z:0.2282021 W:0.02171792},{X:0.9264008 Y:0.2987199 Z:0.1770862 W:0.1455622},{X:0.9264008 Y:0.2987199 Z:0.1770862 W:0.1455622},{X:-0.7326787 Y:-0.1602825 Z:-0.08230616 W:0.6562905},{X:0.09869322 Y:-0.6816912 Z:0.7057906 W:-0.1655789},{X:0.08194704 Y:0.8836508 Z:-0.4499889 W:0.09977963},{X:0.2019819 Y:0.8641512 Z:-0.4321231 W:0.160361},{X:-0.2785452 Y:0.8192626 Z:-0.5004486 W:-0.0277967},{X:0.8262623 Y:-0.2570394 Z:0.2720946 W:0.4209346},{X:0.8262623 Y:-0.2570394 Z:0.2720946 W:0.4209346},{X:0.7052988 Y:0.1717004 Z:0.6071011 W:-0.3232658},{X:0.05372623 Y:-0.1333098 Z:0.9477642 W:-0.2847543},{X:0.02229715 Y:0.1419919 Z:-0.6669967 W:0.7310653},{X:0.1606756 Y:-0.01760576 Z:-0.6895291 W:0.7059909},{X:0.1016594 Y:-0.1313117 Z:0.007845703 W:0.9860836},{X:-0.0946001 Y:-0.6178243 Z:0.6381216 W:0.449605},{X:-0.2319968 Y:-0.5804198 Z:0.7233541 W:0.2933413},{X:-0.1611046 Y:-0.4368948 Z:0.8283809 W:0.3113733},{X:-0.417326 Y:-0.1945626 Z:0.8098789 W:-0.3634289},{X:0.2717924 Y:-0.02359886 Z:-0.4789 W:0.834402},{X:0.2717924 Y:-0.02359886 Z:-0.4789 W:0.834402},{X:0.1754993 Y:-0.2088731 Z:0.2513779 W:0.9286448},{X:-0.02359886 Y:-0.2717924 Z:0.834402 W:0.4789},{X:0.1754993 Y:-0.2088731 Z:0.2513779 W:0.9286448},{X:0.2717924 Y:-0.02359886 Z:-0.4789 W:0.834402},{X:0 Y:0 Z:0 W:0},{X:0 Y:0 Z:0 W:0},{X:0 Y:0 Z:0 W:0},{X:0 Y:0 Z:0 W:0},{X:0 Y:0 Z:0 W:0},{X:0 Y:0 Z:0 W:0},{X:0 Y:0 Z:0 W:0},{X:0 Y:0 Z:0 W:0},{X:0 Y:0 Z:0 W:0},{X:0 Y:0 Z:0 W:0},{X:0 Y:0 Z:0 W:0},{X:0 Y:0 Z:0 W:0},{X:0 Y:0 Z:0 W:0},{X:0 Y:0 Z:0 W:0},{X:0 Y:0 Z:0 W:0},{X:0 Y:0 Z:0 W:0},{X:0 Y:0 Z:0 W:0},{X:0 Y:0 Z:0 W:0},{X:0 Y:0 Z:0 W:0},{X:0 Y:0 Z:0 W:0},{X:0 Y:0 Z:0 W:0},{X:0 Y:0 Z:0 W:0},{X:0 Y:0 Z:0 W:0},{X:0 Y:0 Z:0 W:0},{X:0 Y:0 Z:0 W:0},{X:0 Y:0 Z:0 W:0},{X:0 Y:0 Z:0 W:0},{X:0 Y:0 Z:0 W:0},{X:0 Y:0 Z:0 W:0},{X:0 Y:0 Z:0 W:0},{X:0 Y:0 Z:0 W:0},{X:0 Y:0 Z:0 W:0},{X:0 Y:0 Z:0 W:0},{X:0 Y:0 Z:0 W:0},{X:0 Y:0 Z:0 W:0},{X:0 Y:0 Z:0 W:0},{X:0 Y:0 Z:0 W:0},{X:0 Y:0 Z:0 W:0},{X:0 Y:0 Z:0 W:0},{X:0 Y:0 Z:0 W:0},{X:0 Y:0 Z:0 W:0},{X:0 Y:0 Z:0 W:0},{X:0 Y:0 Z:0 W:0},{X:0 Y:0 Z:0 W:0},{X:0 Y:0 Z:0 W:0},{X:0 Y:0 Z:0 W:0},{X:0 Y:0 Z:0 W:0},{X:0 Y:0 Z:0 W:0},{X:0 Y:0 Z:0 W:0},{X:0 Y:0 Z:0 W:0},{X:0 Y:0 Z:0 W:0},{X:0 Y:0 Z:0 W:0},{X:0 Y:0 Z:0 W:0},{X:0 Y:0 Z:0 W:0},{X:0 Y:0 Z:0 W:0},{X:0 Y:0 Z:0 W:0},{X:0 Y:0 Z:0 W:0},{X:0 Y:0 Z:0 W:0},{X:0 Y:0 Z:0 W:0},{X:0 Y:0 Z:0 W:0},{X:0 Y:0 Z:0 W:0},{X:0 Y:0 Z:0 W:0},{X:0 Y:0 Z:0 W:0},{X:0 Y:0 Z:0 W:0},{X:0 Y:0 Z:0 W:0},{X:0 Y:0 Z:0 W:0},{X:0 Y:0 Z:0 W:0},{X:0 Y:0 Z:0 W:0}
DD 4,{X:-0.3848012 Y:0.5734326 Z:-0.3981537 W:0.603802},{X:-0.411779 Y:0.554378 Z:-0.4265682 W:0.5840743},{X:-0.4373835 Y:0.5735008 Z:-0.4129496 W:0.556116},{X:-0.389984 Y:0.6067291 Z:-0.3670229 W:0.5874407},{X:-0.5516307 Y:0.08576635 Z:0.02299249 W:0.8293486},{X:-0.7026399 Y:-0.06373417 Z:0.1778137 W:0.6860156},{X:-0.5229636 Y:0.4735757 Z:0.6250157 W:0.3340517},{X:-0.6522545 Y:-0.2629575 Z:0.6688874 W:-0.2408469},{X:0.2517418 Y:0.6566647 Z:-0.6319379 W:-0.3256869},{X:0.2517418 Y:0.6566647 Z:-0.6319379 W:-0.3256869},{X:-0.3678395 Y:0.1786815 Z:0.7837608 W:0.467425},{X:0.8324043 Y:-0.001572833 Z:0.0501064 W:0.5518966},{X:0.7218889 Y:-0.1373279 Z:-0.1120391 W:0.668928},{X:0.3741881 Y:-0.6324286 Z:0.4278394 W:0.5262802},{X:0.5698918 Y:0.5181158 Z:0.4585816 W:-0.4432633},{X:0.09365427 Y:0.7644929 Z:0.6367436 W:-0.03656486},{X:0.09365427 Y:0.7644929 Z:0.6367436 W:-0.03656486},{X:-0.3057228 Y:0.8627455 Z:-0.003419469 W:-0.4027308},{X:0.3657196 Y:-0.4504056 Z:0.7558195 W:-0.3035143},{X:-0.1385078 Y:0.5634248 Z:-0.5538964 W:0.5971321},{X:0.3726371 Y:-0.5717825 Z:0.595493 W:-0.4237858},{X:0.1379587 Y:0.6641725 Z:-0.1245766 W:0.7241015},{X:0.2889879 Y:0.7516525 Z:0.4471189 W:0.3893447},{X:0.6049578 Y:0.531489 Z:0.5767874 W:0.1373389},{X:0.4290257 Y:0.6254536 Z:0.5502929 W:0.349174},{X:0.7487743 Y:0.1427721 Z:0.6322027 W:-0.1388266},{X:-0.2385442 Y:0.6048117 Z:-0.3176957 W:0.6901948},{X:-0.2385442 Y:0.6048117 Z:-0.3176957 W:0.6901948},{X:0.2589902 Y:0.5963427 Z:0.2633967 W:0.7126862},{X:0.6048117 Y:0.2385442 Z:0.6901948 W:0.3176957},{X:0.2589902 Y:0.5963427 Z:0.2633967 W:0.7126862},{X:-0.2385442 Y:0.6048117 Z:-0.3176957 W:0.6901948},{X:0 Y:0 Z:0 W:0},{X:0 Y:0 Z:0 W:0},{X:0 Y:0 Z:0 W:0},{X:0 Y:0 Z:0 W:0},{X:0 Y:0 Z:0 W:0},{X:0 Y:0 Z:0 W:0},{X:0 Y:0 Z:0 W:0},{X:0 Y:0 Z:0 W:0},{X:0 Y:0 Z:0 W:0},{X:0 Y:0 Z:0 W:0},{X:0 Y:0 Z:0 W:0},{X:0 Y:0 Z:0 W:0},{X:0 Y:0 Z:0 W:0},{X:0 Y:0 Z:0 W:0},{X:0 Y:0 Z:0 W:0},{X:0 Y:0 Z:0 W:0},{X:0 Y:0 Z:0 W:0},{X:0 Y:0 Z:0 W:0},{X:0 Y:0 Z:0 W:0},{X:0 Y:0 Z:0 W:0},{X:0 Y:0 Z:0 W:0},{X:0 Y:0 Z:0 W:0},{X:0 Y:0 Z:0 W:0},{X:0 Y:0 Z:0 W:0},{X:0 Y:0 Z:0 W:0},{X:0 Y:0 Z:0 W:0},{X:0 Y:0 Z:0 W:0},{X:0 Y:0 Z:0 W:0},{X:0 Y:0 Z:0 W:0},{X:0 Y:0 Z:0 W:0},{X:0 Y:0 Z:0 W:0},{X:0 Y:0 Z:0 W:0},{X:0 Y:0 Z:0 W:0},{X:0 Y:0 Z:0 W:0},{X:0 Y:0 Z:0 W:0},{X:0 Y:0 Z:0 W:0},{X:0 Y:0 Z:0 W:0},{X:0 Y:0 Z:0 W:0},{X:0 Y:0 Z:0 W:0},{X:0 Y:0 Z:0 W:0},{X:0 Y:0 Z:0 W:0},{X:0 Y:0 Z:0 W:0},{X:0 Y:0 Z:0 W:0},{X:0 Y:0 Z:0 W:0},{X:0 Y:0 Z:0 W:0},{X:0 Y:0 Z:0 W:0},{X:0 Y:0 Z:0 W:0},{X:0 Y:0 Z:0 W:0},{X:0 Y:0 Z:0 W:0},{X:0 Y:0 Z:0 W:0},{X:0 Y:0 Z:0 W:0},{X:0 Y:0 Z:0 W:0},{X:0 Y:0 Z:0 W:0},{X:0 Y:0 Z:0 W:0},{X:0 Y:0 Z:0 W:0},{X:0 Y:0 Z:0 W:0},{X:0 Y:0 Z:0 W:0},{X:0 Y:0 Z:0 W:0},{X:0 Y:0 Z:0 W:0},{X:0 Y:0 Z:0 W:0},{X:0 Y:0 Z:0 W:0},{X:0 Y:0 Z:0 W:0},{X:0 Y:0 Z:0 W:0},{X:0 Y:0 Z:0 W:0},{X:0 Y:0 Z:0 W:0},{X:0 Y:0 Z:0 W:0},{X:0 Y:0 Z:0 W:0},{X:0 Y:0 Z:0 W:0}
DD 5,{X:-0.3988425 Y:0.5831109 Z:-0.4095531 W:0.5772112},{X:-0.4296043 Y:0.560833 Z:-0.4399824 W:0.5543663},{X:-0.4500205 Y:0.4737186 Z:-0.4960687 W:0.5718287},{X:-0.4105821 Y:0.5082815 Z:-0.4486142 W:0.6097684},{X:-0.6454322 Y:-0.04920884 Z:0.1960077 W:0.7365981},{X:-0.4797211 Y:-0.3043209 Z:0.4990632 W:0.6543641},{X:-0.5102717 Y:-0.2497326 Z:0.5679824 W:0.5955271},{X:0.6997337 Y:0.5105948 Z:0.2818395 W:0.4125921},{X:0.272996 Y:0.8220751 Z:-0.01024332 W:0.4995606},{X:0.272996 Y:0.8220751 Z:-0.01024332 W:0.4995606},{X:0.5839205 Y:0.7982035 Z:0.03753225 W:-0.1431759},{X:0.7647602 Y:-0.1568835 Z:0.1150917 W:0.614234},{X:-0.6138853 Y:0.6174217 Z:-0.07959612 W:-0.485386},{X:-0.4554302 Y:0.7420567 Z:-0.189095 W:-0.4540685},{X:0.1912664 Y:0.9504919 Z:-0.1403271 W:-0.2007253},{X:-0.2978794 Y:0.9226514 Z:-0.02426952 W:-0.2437074},{X:-0.2978794 Y:0.9226514 Z:-0.02426952 W:-0.2437074},{X:-0.3548015 Y:-0.5496325 Z:0.7459862 W:0.1245972},{X:0.3692194 Y:-0.4613075 Z:0.7411412 W:-0.3187196},{X:-0.1510381 Y:0.5712525 Z:-0.5487621 W:0.5913699},{X:0.4170075 Y:-0.5598772 Z:0.600788 W:-0.3894818},{X:0.09793279 Y:0.6871138 Z:-0.152285 W:0.7036285},{X:0.2989787 Y:0.7667888 Z:0.4405235 W:0.3585886},{X:0.6012713 Y:0.5619518 Z:0.5522995 W:0.1328468},{X:0.3992943 Y:0.6592242 Z:0.5261253 W:0.3594157},{X:0.7513906 Y:0.1875423 Z:0.6222393 W:-0.1142728},{X:-0.2604185 Y:0.6578542 Z:-0.3006382 W:0.639552},{X:-0.2604185 Y:0.6578542 Z:-0.3006382 W:0.639552},{X:0.2810295 Y:0.6493169 Z:0.2396482 W:0.6648148},{X:0.6578543 Y:0.2604184 Z:0.6395519 W:0.3006382},{X:0.2810295 Y:0.6493169 Z:0.2396482 W:0.6648148},{X:-0.2604185 Y:0.6578542 Z:-0.3006382 W:0.639552},{X:0 Y:0 Z:0 W:0},{X:0 Y:0 Z:0 W:0},{X:0 Y:0 Z:0 W:0},{X:0 Y:0 Z:0 W:0},{X:0 Y:0 Z:0 W:0},{X:0 Y:0 Z:0 W:0},{X:0 Y:0 Z:0 W:0},{X:0 Y:0 Z:0 W:0},{X:0 Y:0 Z:0 W:0},{X:0 Y:0 Z:0 W:0},{X:0 Y:0 Z:0 W:0},{X:0 Y:0 Z:0 W:0},{X:0 Y:0 Z:0 W:0},{X:0 Y:0 Z:0 W:0},{X:0 Y:0 Z:0 W:0},{X:0 Y:0 Z:0 W:0},{X:0 Y:0 Z:0 W:0},{X:0 Y:0 Z:0 W:0},{X:0 Y:0 Z:0 W:0},{X:0 Y:0 Z:0 W:0},{X:0 Y:0 Z:0 W:0},{X:0 Y:0 Z:0 W:0},{X:0 Y:0 Z:0 W:0},{X:0 Y:0 Z:0 W:0},{X:0 Y:0 Z:0 W:0},{X:0 Y:0 Z:0 W:0},{X:0 Y:0 Z:0 W:0},{X:0 Y:0 Z:0 W:0},{X:0 Y:0 Z:0 W:0},{X:0 Y:0 Z:0 W:0},{X:0 Y:0 Z:0 W:0},{X:0 Y:0 Z:0 W:0},{X:0 Y:0 Z:0 W:0},{X:0 Y:0 Z:0 W:0},{X:0 Y:0 Z:0 W:0},{X:0 Y:0 Z:0 W:0},{X:0 Y:0 Z:0 W:0},{X:0 Y:0 Z:0 W:0},{X:0 Y:0 Z:0 W:0},{X:0 Y:0 Z:0 W:0},{X:0 Y:0 Z:0 W:0},{X:0 Y:0 Z:0 W:0},{X:0 Y:0 Z:0 W:0},{X:0 Y:0 Z:0 W:0},{X:0 Y:0 Z:0 W:0},{X:0 Y:0 Z:0 W:0},{X:0 Y:0 Z:0 W:0},{X:0 Y:0 Z:0 W:0},{X:0 Y:0 Z:0 W:0},{X:0 Y:0 Z:0 W:0},{X:0 Y:0 Z:0 W:0},{X:0 Y:0 Z:0 W:0},{X:0 Y:0 Z:0 W:0},{X:0 Y:0 Z:0 W:0},{X:0 Y:0 Z:0 W:0},{X:0 Y:0 Z:0 W:0},{X:0 Y:0 Z:0 W:0},{X:0 Y:0 Z:0 W:0},{X:0 Y:0 Z:0 W:0},{X:0 Y:0 Z:0 W:0},{X:0 Y:0 Z:0 W:0},{X:0 Y:0 Z:0 W:0},{X:0 Y:0 Z:0 W:0},{X:0 Y:0 Z:0 W:0},{X:0 Y:0 Z:0 W:0},{X:0 Y:0 Z:0 W:0},{X:0 Y:0 Z:0 W:0},{X:0 Y:0 Z:0 W:0}
DD 6,{X:-0.6011356 Y:0.7056804 Z:-0.1715652 W:0.3334917},{X:-0.6090699 Y:0.6988437 Z:-0.1753221 W:0.331532},{X:0.7413475 Y:-0.6625916 Z:0.09536486 W:-0.04776786},{X:-0.6858245 Y:0.7199087 Z:-0.09122708 W:0.05526164},{X:-0.4700088 Y:0.4339103 Z:0.5451341 W:0.5418879},{X:-0.3073689 Y:0.3654717 Z:0.8171405 W:0.3228562},{X:-0.1501438 Y:0.4533233 Z:0.8786052 W:-0.002761155},{X:-0.5022323 Y:-0.5376608 Z:0.5390396 W:-0.4100239},{X:0.09925457 Y:0.7290166 Z:-0.6768641 W:0.02319913},{X:0.09925457 Y:0.7290166 Z:-0.6768641 W:0.02319913},{X:-0.5049316 Y:-0.1702126 Z:0.8085557 W:0.2496185},{X:0.4455836 Y:0.3506014 Z:-0.5569382 W:0.6069216},{X:0.2742653 Y:0.09830153 Z:-0.5770068 W:0.7630062},{X:0.2906221 Y:0.02057788 Z:-0.3495006 W:0.8904856},{X:-0.01693648 Y:0.1215577 Z:0.2320268 W:0.9649355},{X:0.005479367 Y:0.1226096 Z:0.4038399 W:0.9065596},{X:0.005479367 Y:0.1226096 Z:0.4038399 W:0.9065596},{X:0.5416449 Y:0.3222309 Z:0.3635137 W:0.6860363},{X:-0.4873373 Y:0.838634 Z:-0.175823 W:0.1681717},{X:-0.2659591 Y:0.932771 Z:-0.1289825 W:0.206319},{X:-0.3421859 Y:0.8841321 Z:-0.234068 W:0.2154795},{X:0.3803039 Y:0.8665732 Z:-0.01636594 W:0.3227259},{X:0.3374987 Y:0.9349779 Z:0.1087796 W:0.008825646},{X:0.6179271 Y:0.7786278 Z:0.1059192 W:-0.02619145},{X:0.6192648 Y:0.7199568 Z:0.3000112 W:0.09036881},{X:0.9482753 Y:0.07592361 Z:0.2710778 W:-0.1467187},{X:-0.3962938 Y:0.8471435 Z:-0.04683922 W:0.3508636},{X:-0.3962938 Y:0.8471435 Z:-0.04683922 W:0.3508636},{X:0.3187989 Y:0.8792429 Z:0.2149777 W:0.2812183},{X:0.8471435 Y:0.3962938 Z:0.3508636 W:0.04683922},{X:0.3187989 Y:0.8792429 Z:0.2149777 W:0.2812183},{X:-0.3962938 Y:0.8471435 Z:-0.04683922 W:0.3508636},{X:0 Y:0 Z:0 W:0},{X:0 Y:0 Z:0 W:0},{X:0 Y:0 Z:0 W:0},{X:0 Y:0 Z:0 W:0},{X:0 Y:0 Z:0 W:0},{X:0 Y:0 Z:0 W:0},{X:0 Y:0 Z:0 W:0},{X:0 Y:0 Z:0 W:0},{X:0 Y:0 Z:0 W:0},{X:0 Y:0 Z:0 W:0},{X:0 Y:0 Z:0 W:0},{X:0 Y:0 Z:0 W:0},{X:0 Y:0 Z:0 W:0},{X:0 Y:0 Z:0 W:0},{X:0 Y:0 Z:0 W:0},{X:0 Y:0 Z:0 W:0},{X:0 Y:0 Z:0 W:0},{X:0 Y:0 Z:0 W:0},{X:0 Y:0 Z:0 W:0},{X:0 Y:0 Z:0 W:0},{X:0 Y:0 Z:0 W:0},{X:0 Y:0 Z:0 W:0},{X:0 Y:0 Z:0 W:0},{X:0 Y:0 Z:0 W:0},{X:0 Y:0 Z:0 W:0},{X:0 Y:0 Z:0 W:0},{X:0 Y:0 Z:0 W:0},{X:0 Y:0 Z:0 W:0},{X:0 Y:0 Z:0 W:0},{X:0 Y:0 Z:0 W:0},{X:0 Y:0 Z:0 W:0},{X:0 Y:0 Z:0 W:0},{X:0 Y:0 Z:0 W:0},{X:0 Y:0 Z:0 W:0},{X:0 Y:0 Z:0 W:0},{X:0 Y:0 Z:0 W:0},{X:0 Y:0 Z:0 W:0},{X:0 Y:0 Z:0 W:0},{X:0 Y:0 Z:0 W:0},{X:0 Y:0 Z:0 W:0},{X:0 Y:0 Z:0 W:0},{X:0 Y:0 Z:0 W:0},{X:0 Y:0 Z:0 W:0},{X:0 Y:0 Z:0 W:0},{X:0 Y:0 Z:0 W:0},{X:0 Y:0 Z:0 W:0},{X:0 Y:0 Z:0 W:0},{X:0 Y:0 Z:0 W:0},{X:0 Y:0 Z:0 W:0},{X:0 Y:0 Z:0 W:0},{X:0 Y:0 Z:0 W:0},{X:0 Y:0 Z:0 W:0},{X:0 Y:0 Z:0 W:0},{X:0 Y:0 Z:0 W:0},{X:0 Y:0 Z:0 W:0},{X:0 Y:0 Z:0 W:0},{X:0 Y:0 Z:0 W:0},{X:0 Y:0 Z:0 W:0},{X:0 Y:0 Z:0 W:0},{X:0 Y:0 Z:0 W:0},{X:0 Y:0 Z:0 W:0},{X:0 Y:0 Z:0 W:0},{X:0 Y:0 Z:0 W:0},{X:0 Y:0 Z:0 W:0},{X:0 Y:0 Z:0 W:0},{X:0 Y:0 Z:0 W:0},{X:0 Y:0 Z:0 W:0},{X:0 Y:0 Z:0 W:0}
DD 7,{X:0.08198909 Y:-0.07298402 Z:-0.6512256 W:0.7509037},{X:0.0810319 Y:-0.0740453 Z:-0.6413939 W:0.7593188},{X:0.1600395 Y:-0.06606553 Z:-0.6413193 W:0.7474839},{X:0.1542261 Y:-0.07868685 Z:-0.5793107 W:0.796506},{X:-0.2234893 Y:-0.4020589 Z:-0.4693472 W:0.7537336},{X:-0.7301123 Y:0.1899079 Z:0.1730607 W:0.6331834},{X:-0.7309448 Y:0.1866774 Z:0.170259 W:0.6339425},{X:0.473997 Y:-0.4369367 Z:0.05378893 W:0.7625745},{X:-0.5162864 Y:-0.3860508 Z:0.7398601 W:-0.1924065},{X:-0.5162864 Y:-0.3860508 Z:0.7398601 W:-0.1924065},{X:0.7470889 Y:0.0957743 Z:0.2399875 W:0.6124471},{X:0.2916908 Y:-0.5940698 Z:0.7268998 W:0.1833419},{X:0.2813534 Y:0.8824959 Z:-0.3768815 W:-0.001261294},{X:0.2777485 Y:0.8836371 Z:-0.3768731 W:-0.002799765},{X:0.3639286 Y:0.8567522 Z:-0.3648461 W:-0.0204694},{X:0.4494902 Y:0.8151238 Z:-0.3650296 W:0.01688348},{X:0.4494902 Y:0.8151238 Z:-0.3650296 W:0.01688348},{X:-0.374774 Y:-0.5450305 Z:0.5753744 W:0.4810721},{X:0.08480677 Y:-0.09231806 Z:-0.7760715 W:0.61806},{X:0.07323585 Y:-0.1017394 Z:-0.6975083 W:0.7055265},{X:-0.003316343 Y:-0.006701263 Z:-0.7296208 W:0.683811},{X:-0.007240287 Y:-0.008070124 Z:-0.03561752 W:0.9993067},{X:0.04349257 Y:0.1178465 Z:0.7935811 W:0.5953568},{X:0.05233574 Y:0.1141548 Z:0.8361895 W:0.5338697},{X:-0.1106224 Y:-0.0969338 Z:0.8194873 W:0.5539017},{X:-0.1411064 Y:0.01020764 Z:0.9727321 W:-0.1837851},{X:-0.4724585 Y:0.2165984 Z:0.8448743 W:-0.1267101},{X:-0.4724585 Y:0.2165984 Z:0.8448743 W:-0.1267101},{X:0.1809204 Y:-0.4872369 Z:-0.5078188 W:0.6870139},{X:-0.2165984 Y:-0.4724585 Z:0.1267101 W:0.8448743},{X:0.1809204 Y:-0.4872369 Z:-0.5078188 W:0.6870139},{X:-0.4724585 Y:0.2165984 Z:0.8448743 W:-0.1267101},{X:0 Y:0 Z:0 W:0},{X:0 Y:0 Z:0 W:0},{X:0 Y:0 Z:0 W:0},{X:0 Y:0 Z:0 W:0},{X:0 Y:0 Z:0 W:0},{X:0 Y:0 Z:0 W:0},{X:0 Y:0 Z:0 W:0},{X:0 Y:0 Z:0 W:0},{X:0 Y:0 Z:0 W:0},{X:0 Y:0 Z:0 W:0},{X:0 Y:0 Z:0 W:0},{X:0 Y:0 Z:0 W:0},{X:0 Y:0 Z:0 W:0},{X:0 Y:0 Z:0 W:0},{X:0 Y:0 Z:0 W:0},{X:0 Y:0 Z:0 W:0},{X:0 Y:0 Z:0 W:0},{X:0 Y:0 Z:0 W:0},{X:0 Y:0 Z:0 W:0},{X:0 Y:0 Z:0 W:0},{X:0 Y:0 Z:0 W:0},{X:0 Y:0 Z:0 W:0},{X:0 Y:0 Z:0 W:0},{X:0 Y:0 Z:0 W:0},{X:0 Y:0 Z:0 W:0},{X:0 Y:0 Z:0 W:0},{X:0 Y:0 Z:0 W:0},{X:0 Y:0 Z:0 W:0},{X:0 Y:0 Z:0 W:0},{X:0 Y:0 Z:0 W:0},{X:0 Y:0 Z:0 W:0},{X:0 Y:0 Z:0 W:0},{X:0 Y:0 Z:0 W:0},{X:0 Y:0 Z:0 W:0},{X:0 Y:0 Z:0 W:0},{X:0 Y:0 Z:0 W:0},{X:0 Y:0 Z:0 W:0},{X:0 Y:0 Z:0 W:0},{X:0 Y:0 Z:0 W:0},{X:0 Y:0 Z:0 W:0},{X:0 Y:0 Z:0 W:0},{X:0 Y:0 Z:0 W:0},{X:0 Y:0 Z:0 W:0},{X:0 Y:0 Z:0 W:0},{X:0 Y:0 Z:0 W:0},{X:0 Y:0 Z:0 W:0},{X:0 Y:0 Z:0 W:0},{X:0 Y:0 Z:0 W:0},{X:0 Y:0 Z:0 W:0},{X:0 Y:0 Z:0 W:0},{X:0 Y:0 Z:0 W:0},{X:0 Y:0 Z:0 W:0},{X:0 Y:0 Z:0 W:0},{X:0 Y:0 Z:0 W:0},{X:0 Y:0 Z:0 W:0},{X:0 Y:0 Z:0 W:0},{X:0 Y:0 Z:0 W:0},{X:0 Y:0 Z:0 W:0},{X:0 Y:0 Z:0 W:0},{X:0 Y:0 Z:0 W:0},{X:0 Y:0 Z:0 W:0},{X:0 Y:0 Z:0 W:0},{X:0 Y:0 Z:0 W:0},{X:0 Y:0 Z:0 W:0},{X:0 Y:0 Z:0 W:0},{X:0 Y:0 Z:0 W:0},{X:0 Y:0 Z:0 W:0},{X:0 Y:0 Z:0 W:0}
DD 8,{X:-0.6239599 Y:0.6508608 Z:-0.2350998 W:0.3630182},{X:0.6736339 Y:-0.5993024 Z:0.2631614 W:-0.3432203},{X:0.6752027 Y:-0.6622998 Z:0.2302846 W:-0.2289744},{X:-0.6199161 Y:0.7143135 Z:-0.2111807 W:0.2467042},{X:-0.6063634 Y:0.3563627 Z:0.2888257 W:0.649545},{X:0.09032214 Y:0.3614611 Z:0.8557656 W:0.358961},{X:0.3268898 Y:0.1787602 Z:0.8441644 W:-0.3854534},{X:-0.02669002 Y:0.00992786 Z:0.9901486 W:-0.1370942},{X:-0.02847482 Y:-0.0003223071 Z:0.9733067 W:0.227735},{X:-0.02847482 Y:-0.0003223071 Z:0.9733067 W:0.227735},{X:-0.4507785 Y:0.3784572 Z:0.8076553 W:0.03552142},{X:0.6803336 Y:0.1351897 Z:-0.2446131 W:0.6775208},{X:0.4813884 Y:-0.1721983 Z:0.166397 W:0.8431637},{X:0.4818449 Y:-0.1709167 Z:0.1641527 W:0.8436035},{X:0.802984 Y:0.4152994 Z:0.2681401 W:0.3329323},{X:0.8635403 Y:0.267498 Z:0.3225485 W:0.2805451},{X:0.8635403 Y:0.267498 Z:0.3225485 W:0.2805451},{X:0.7548597 Y:0.6014571 Z:-0.05548203 W:-0.2556518},{X:-0.576566 Y:0.7678936 Z:-0.1840219 W:0.2098739},{X:-0.3453852 Y:0.8959851 Z:-0.1197835 W:0.2521344},{X:-0.3095473 Y:0.8821851 Z:-0.1963163 W:0.2956175},{X:0.4025575 Y:0.842021 Z:0.06677258 W:0.3528305},{X:0.4546277 Y:0.8867266 Z:0.07672387 W:-0.03381104},{X:0.5733079 Y:0.815048 Z:0.07125312 W:-0.04402135},{X:0.6327109 Y:0.6828051 Z:0.3578945 W:0.07325022},{X:0.9318266 Y:0.04039016 Z:0.3002168 W:-0.1998441},{X:-0.5237502 Y:0.7047249 Z:-0.2906952 W:0.3801905},{X:-0.5237502 Y:0.7047249 Z:-0.2906952 W:0.3801905},{X:0.1279685 Y:0.8686631 Z:0.06328276 W:0.4743878},{X:0.7047249 Y:0.5237502 Z:0.3801905 W:0.2906952},{X:0.1279685 Y:0.8686631 Z:0.06328276 W:0.4743878},{X:-0.5237502 Y:0.7047249 Z:-0.2906952 W:0.3801905},{X:0 Y:0 Z:0 W:0},{X:0 Y:0 Z:0 W:0},{X:0 Y:0 Z:0 W:0},{X:0 Y:0 Z:0 W:0},{X:0 Y:0 Z:0 W:0},{X:0 Y:0 Z:0 W:0},{X:0 Y:0 Z:0 W:0},{X:0 Y:0 Z:0 W:0},{X:0 Y:0 Z:0 W:0},{X:0 Y:0 Z:0 W:0},{X:0 Y:0 Z:0 W:0},{X:0 Y:0 Z:0 W:0},{X:0 Y:0 Z:0 W:0},{X:0 Y:0 Z:0 W:0},{X:0 Y:0 Z:0 W:0},{X:0 Y:0 Z:0 W:0},{X:0 Y:0 Z:0 W:0},{X:0 Y:0 Z:0 W:0},{X:0 Y:0 Z:0 W:0},{X:0 Y:0 Z:0 W:0},{X:0 Y:0 Z:0 W:0},{X:0 Y:0 Z:0 W:0},{X:0 Y:0 Z:0 W:0},{X:0 Y:0 Z:0 W:0},{X:0 Y:0 Z:0 W:0},{X:0 Y:0 Z:0 W:0},{X:0 Y:0 Z:0 W:0},{X:0 Y:0 Z:0 W:0},{X:0 Y:0 Z:0 W:0},{X:0 Y:0 Z:0 W:0},{X:0 Y:0 Z:0 W:0},{X:0 Y:0 Z:0 W:0},{X:0 Y:0 Z:0 W:0},{X:0 Y:0 Z:0 W:0},{X:0 Y:0 Z:0 W:0},{X:0 Y:0 Z:0 W:0},{X:0 Y:0 Z:0 W:0},{X:0 Y:0 Z:0 W:0},{X:0 Y:0 Z:0 W:0},{X:0 Y:0 Z:0 W:0},{X:0 Y:0 Z:0 W:0},{X:0 Y:0 Z:0 W:0},{X:0 Y:0 Z:0 W:0},{X:0 Y:0 Z:0 W:0},{X:0 Y:0 Z:0 W:0},{X:0 Y:0 Z:0 W:0},{X:0 Y:0 Z:0 W:0},{X:0 Y:0 Z:0 W:0},{X:0 Y:0 Z:0 W:0},{X:0 Y:0 Z:0 W:0},{X:0 Y:0 Z:0 W:0},{X:0 Y:0 Z:0 W:0},{X:0 Y:0 Z:0 W:0},{X:0 Y:0 Z:0 W:0},{X:0 Y:0 Z:0 W:0},{X:0 Y:0 Z:0 W:0},{X:0 Y:0 Z:0 W:0},{X:0 Y:0 Z:0 W:0},{X:0 Y:0 Z:0 W:0},{X:0 Y:0 Z:0 W:0},{X:0 Y:0 Z:0 W:0},{X:0 Y:0 Z:0 W:0},{X:0 Y:0 Z:0 W:0},{X:0 Y:0 Z:0 W:0},{X:0 Y:0 Z:0 W:0},{X:0 Y:0 Z:0 W:0},{X:0 Y:0 Z:0 W:0},{X:0 Y:0 Z:0 W:0}
DD 9,{X:-0.4149115 Y:0.6726848 Z:-0.3986997 W:0.465169},{X:-0.4445482 Y:0.6534779 Z:-0.4190821 W:0.4468933},{X:-0.3662792 Y:0.748057 Z:-0.489415 W:0.2583084},{X:-0.3051104 Y:0.7750208 Z:-0.4671241 W:0.2967243},{X:-0.557134 Y:0.4337958 Z:-0.2227129 W:0.672177},{X:0.6842142 Y:-0.6484643 Z:-0.2336776 W:-0.2382013},{X:-0.220284 Y:0.916586 Z:0.3257412 W:0.07237187},{X:-0.1886043 Y:0.8766074 Z:0.376076 W:-0.2335697},{X:-0.03297818 Y:0.8960605 Z:0.3296257 W:-0.2955247},{X:-0.03297818 Y:0.8960605 Z:0.3296257 W:-0.2955247},{X:0.04681108 Y:0.9190432 Z:-0.3172062 W:-0.2292346},{X:0.7391571 Y:-0.1589203 Z:-0.2833791 W:0.5899893},{X:0.3706763 Y:-0.2558051 Z:-0.4749813 W:0.756013},{X:0.2509985 Y:-0.3739477 Z:-0.1645407 W:0.8775473},{X:0.7025235 Y:0.1300912 Z:0.186439 W:0.674372},{X:0.4804336 Y:0.5288162 Z:-0.2598282 W:0.6496356},{X:0.4804336 Y:0.5288162 Z:-0.2598282 W:0.6496356},{X:0.9018975 Y:0.259415 Z:0.3212234 W:0.1268864},{X:0.4535643 Y:-0.5561087 Z:0.5740812 W:-0.3942754},{X:-0.2551299 Y:0.6707378 Z:-0.4204436 W:0.5551997},{X:-0.1759032 Y:0.7221922 Z:-0.3132958 W:0.5910518},{X:0.3853241 Y:0.6326847 Z:0.1921127 W:0.6436833},{X:0.4075333 Y:0.7799982 Z:0.3825464 W:0.2813855},{X:0.6210682 Y:0.6234881 Z:0.4488984 W:0.1550068},{X:0.5939727 Y:0.5876109 Z:0.5080022 W:0.2093884},{X:0.8384741 Y:0.0001485675 Z:0.5032151 W:-0.209131},{X:-0.09693156 Y:0.9315916 Z:-0.09734736 W:0.3365485},{X:-0.09693156 Y:0.9315916 Z:-0.09734736 W:0.3365485},{X:0.5901937 Y:0.7272757 Z:0.1691407 W:0.3068106},{X:0.9315916 Y:0.09693156 Z:0.3365485 W:0.09734736},{X:0.5901937 Y:0.7272757 Z:0.1691407 W:0.3068106},{X:-0.09693156 Y:0.9315916 Z:-0.09734736 W:0.3365485},{X:0 Y:0 Z:0 W:0},{X:0 Y:0 Z:0 W:0},{X:0 Y:0 Z:0 W:0},{X:0 Y:0 Z:0 W:0},{X:0 Y:0 Z:0 W:0},{X:0 Y:0 Z:0 W:0},{X:0 Y:0 Z:0 W:0},{X:0 Y:0 Z:0 W:0},{X:0 Y:0 Z:0 W:0},{X:0 Y:0 Z:0 W:0},{X:0 Y:0 Z:0 W:0},{X:0 Y:0 Z:0 W:0},{X:0 Y:0 Z:0 W:0},{X:0 Y:0 Z:0 W:0},{X:0 Y:0 Z:0 W:0},{X:0 Y:0 Z:0 W:0},{X:0 Y:0 Z:0 W:0},{X:0 Y:0 Z:0 W:0},{X:0 Y:0 Z:0 W:0},{X:0 Y:0 Z:0 W:0},{X:0 Y:0 Z:0 W:0},{X:0 Y:0 Z:0 W:0},{X:0 Y:0 Z:0 W:0},{X:0 Y:0 Z:0 W:0},{X:0 Y:0 Z:0 W:0},{X:0 Y:0 Z:0 W:0},{X:0 Y:0 Z:0 W:0},{X:0 Y:0 Z:0 W:0},{X:0 Y:0 Z:0 W:0},{X:0 Y:0 Z:0 W:0},{X:0 Y:0 Z:0 W:0},{X:0 Y:0 Z:0 W:0},{X:0 Y:0 Z:0 W:0},{X:0 Y:0 Z:0 W:0},{X:0 Y:0 Z:0 W:0},{X:0 Y:0 Z:0 W:0},{X:0 Y:0 Z:0 W:0},{X:0 Y:0 Z:0 W:0},{X:0 Y:0 Z:0 W:0},{X:0 Y:0 Z:0 W:0},{X:0 Y:0 Z:0 W:0},{X:0 Y:0 Z:0 W:0},{X:0 Y:0 Z:0 W:0},{X:0 Y:0 Z:0 W:0},{X:0 Y:0 Z:0 W:0},{X:0 Y:0 Z:0 W:0},{X:0 Y:0 Z:0 W:0},{X:0 Y:0 Z:0 W:0},{X:0 Y:0 Z:0 W:0},{X:0 Y:0 Z:0 W:0},{X:0 Y:0 Z:0 W:0},{X:0 Y:0 Z:0 W:0},{X:0 Y:0 Z:0 W:0},{X:0 Y:0 Z:0 W:0},{X:0 Y:0 Z:0 W:0},{X:0 Y:0 Z:0 W:0},{X:0 Y:0 Z:0 W:0},{X:0 Y:0 Z:0 W:0},{X:0 Y:0 Z:0 W:0},{X:0 Y:0 Z:0 W:0},{X:0 Y:0 Z:0 W:0},{X:0 Y:0 Z:0 W:0},{X:0 Y:0 Z:0 W:0},{X:0 Y:0 Z:0 W:0},{X:0 Y:0 Z:0 W:0},{X:0 Y:0 Z:0 W:0},{X:0 Y:0 Z:0 W:0},{X:0 Y:0 Z:0 W:0}
