TaiChiStart,-0.8093622,-0.05332851,0.3629224,-0.8090193,-0.2379883,0.3415205,-0.808983,-0.3865351,0.3460228,-0.7926844,-0.6117817,0.3592172,-0.7603865,-0.572218,0.3591917,-0.61821,-0.5278269,0.3608201,-0.5700446,-0.2556969,0.4416752,-0.5632674,-0.03651797,0.3400817,-0.541918,0.06140859,0.3447587,-0.5859298,0.1600357,0.3129399,-0.6092167,0.09719011,0.3223588,-0.830328,-0.5767786,0.3570685,-0.9671537,-0.5693023,0.357847,-1.247894,-0.5930237,0.275985,-1.280451,-0.7971597,0.1449766,-1.289604,-0.9041668,0.1566806,-1.286681,-1.007622,0.1174848,-1.216121,-0.9280087,0.1086473,-0.7143577,-0.05327353,0.36397,-0.7180845,0.3565294,0.4417932,-0.7246497,0.7396651,0.5517666,-0.6996945,0.848163,0.3914225,-0.8950318,-0.05337809,0.3619776,-0.8698114,0.3578396,0.4244139,-0.840894,0.7433359,0.5377619,-0.859184,0.8347719,0.3842673,-0.7861606,-0.6961647,0.3501728,-0.7853832,-0.6706756,0.1846902,-0.7594191,-0.7190959,0.2042556,-0.7004085,-0.7549713,0.31686,-0.8135366,-0.7134523,0.2015362,-0.8732908,-0.7547101,0.3171456,-98.25379,0,-329.588,-98.25379,0,-329.588,-98.25379,0,-329.588,-98.25379,0,-329.588,-98.25379,0,-329.588,-98.25379,0,-329.588,-98.25379,0,-329.588,-98.25379,0,-329.588,-98.25379,0,-329.588,-98.25379,0,-329.588,-98.25379,0,-329.588,-98.25379,0,-329.588,-98.25379,0,-329.588,-98.25379,0,-329.588,-98.25379,0,-329.588,-98.25379,0,-329.588,-98.25379,0,-329.588,-98.25379,0,-329.588,-98.25379,0,-329.588,-98.25379,0,-329.588,-98.25379,0,-329.588,-98.25379,0,-329.588,-98.25379,0,-329.588,-98.25379,0,-329.588,-98.25379,0,-329.588,-98.25379,0,-329.588,-98.25379,0,-329.588,-98.25379,0,-329.588,-98.25379,0,-329.588,-98.25379,0,-329.588,-98.25379,0,-329.588,-98.25379,0,-329.588,-98.25379,0,-329.588,-98.25379,0,-329.588,-98.25379,0,-329.588,-98.25379,0,-329.588,-98.25379,0,-329.588,-98.25379,0,-329.588,-98.25379,0,-329.588,-98.25379,0,-329.588,-98.25379,0,-329.588,-98.25379,0,-329.588,-98.25379,0,-329.588,-98.25379,0,-329.588,-98.25379,0,-329.588,-98.25379,0,-329.588,-98.25379,0,-329.588,-98.25379,0,-329.588,-98.25379,0,-329.588,-98.25379,0,-329.588,-98.25379,0,-329.588,-98.25379,0,-329.588,-98.25379,0,-329.588,-98.25379,0,-329.588,-98.25379,0,-329.588,-98.25379,0,-329.588,-98.25379,0,-329.588,-98.25379,0,-329.588,-98.25379,0,-329.588,-98.25379,0,-329.588,-98.25379,0,-329.588,-98.25379,0,-329.588,-98.25379,0,-329.588,-98.25379,0,-329.588,-98.25379,0,-329.588,-98.25379,0,-329.588,-98.25379,0,-329.588,-98.25379,0,-329.588
TaiChiIdle,-0.786508,-0.04834294,0.3667555,-0.7870134,-0.2317321,0.3525438,-0.787858,-0.3787413,0.3559399,-0.7967252,-0.6024048,0.3564239,-0.7605628,-0.567129,0.3577344,-0.6200605,-0.52261,0.3577254,-0.5515822,-0.2527111,0.4180689,-0.5210125,-0.02914685,0.3388972,-0.5561779,0.06355882,0.3338435,-0.5937949,0.168242,0.3399851,-0.6114831,0.07037869,0.3101385,-0.8298627,-0.563767,0.3571186,-0.9504381,-0.5018096,0.3543901,-0.9983368,-0.2227119,0.4183187,-0.9970245,0.002722964,0.3298998,-1.010337,0.1081892,0.318651,-0.9733403,0.2112266,0.3210695,-0.9561507,0.133128,0.2975514,-0.6925403,-0.0488183,0.3695469,-0.6281234,0.3543727,0.4299834,-0.5740662,0.7208012,0.5656676,-0.5377725,0.8253238,0.4073486,-0.8712426,-0.04791428,0.3642378,-0.9078935,0.359472,0.4161205,-0.9289445,0.7433304,0.5214908,-0.9622192,0.8346654,0.3727262,-0.7998948,-0.6854525,0.3427799,-0.76445,-0.6523906,0.1843553,-0.7432119,-0.7013064,0.2064104,-0.7096695,-0.7424168,0.3258612,-0.794991,-0.6953281,0.1926637,-0.8768773,-0.7413057,0.2897649,-228.6842,0,-766.9302,-228.6842,0,-766.9302,-228.6842,0,-766.9302,-228.6842,0,-766.9302,-228.6842,0,-766.9302,-228.6842,0,-766.9302,-228.6842,0,-766.9302,-228.6842,0,-766.9302,-228.6842,0,-766.9302,-228.6842,0,-766.9302,-228.6842,0,-766.9302,-228.6842,0,-766.9302,-228.6842,0,-766.9302,-228.6842,0,-766.9302,-228.6842,0,-766.9302,-228.6842,0,-766.9302,-228.6842,0,-766.9302,-228.6842,0,-766.9302,-228.6842,0,-766.9302,-228.6842,0,-766.9302,-228.6842,0,-766.9302,-228.6842,0,-766.9302,-228.6842,0,-766.9302,-228.6842,0,-766.9302,-228.6842,0,-766.9302,-228.6842,0,-766.9302,-228.6842,0,-766.9302,-228.6842,0,-766.9302,-228.6842,0,-766.9302,-228.6842,0,-766.9302,-228.6842,0,-766.9302,-228.6842,0,-766.9302,-228.6842,0,-766.9302,-228.6842,0,-766.9302,-228.6842,0,-766.9302,-228.6842,0,-766.9302,-228.6842,0,-766.9302,-228.6842,0,-766.9302,-228.6842,0,-766.9302,-228.6842,0,-766.9302,-228.6842,0,-766.9302,-228.6842,0,-766.9302,-228.6842,0,-766.9302,-228.6842,0,-766.9302,-228.6842,0,-766.9302,-228.6842,0,-766.9302,-228.6842,0,-766.9302,-228.6842,0,-766.9302,-228.6842,0,-766.9302,-228.6842,0,-766.9302,-228.6842,0,-766.9302,-228.6842,0,-766.9302,-228.6842,0,-766.9302,-228.6842,0,-766.9302,-228.6842,0,-766.9302,-228.6842,0,-766.9302,-228.6842,0,-766.9302,-228.6842,0,-766.9302,-228.6842,0,-766.9302,-228.6842,0,-766.9302,-228.6842,0,-766.9302,-228.6842,0,-766.9302,-228.6842,0,-766.9302,-228.6842,0,-766.9302,-228.6842,0,-766.9302,-228.6842,0,-766.9302,-228.6842,0,-766.9302,-228.6842,0,-766.9302
TaiChiPose 1,-0.7816822,-0.04581745,0.3474634,-0.7858628,-0.2282496,0.3480425,-0.7908919,-0.3724462,0.369592,-0.7933455,-0.5889365,0.4189739,-0.7585006,-0.5534477,0.4126606,-0.6142576,-0.5616219,0.3901494,-0.4595265,-0.5459396,0.1541281,-0.4399105,-0.6116735,-0.07297206,-0.425406,-0.6274079,-0.1691117,-0.396511,-0.6177137,-0.2753491,-0.4693692,-0.6082868,-0.192486,-0.8273081,-0.552406,0.4110634,-0.9590173,-0.5626419,0.3857248,-1.055917,-0.520586,0.1177938,-1.015223,-0.5835956,-0.1104343,-1.016606,-0.6271077,-0.2071354,-1.000973,-0.6422837,-0.3135648,-0.9648304,-0.6289618,-0.2314882,-0.6887514,-0.04792294,0.3550625,-0.6247832,0.3540862,0.399452,-0.5752737,0.7096992,0.5551195,-0.5467583,0.8236474,0.4037249,-0.865482,-0.04391884,0.3406112,-0.910043,0.3604115,0.3835568,-0.9356093,0.7339339,0.5108771,-0.9653291,0.833315,0.3683238,-0.7939918,-0.6723395,0.4239342,-0.7789177,-0.6423221,0.2630434,-0.7633873,-0.6942533,0.281472,-0.7194074,-0.7429559,0.3933091,-0.8144505,-0.6792728,0.2761781,-0.8861313,-0.712554,0.384409,-405.4612,0,-1361.5,-405.4612,0,-1361.5,-405.4612,0,-1361.5,-405.4612,0,-1361.5,-405.4612,0,-1361.5,-405.4612,0,-1361.5,-405.4612,0,-1361.5,-405.4612,0,-1361.5,-405.4612,0,-1361.5,-405.4612,0,-1361.5,-405.4612,0,-1361.5,-405.4612,0,-1361.5,-405.4612,0,-1361.5,-405.4612,0,-1361.5,-405.4612,0,-1361.5,-405.4612,0,-1361.5,-405.4612,0,-1361.5,-405.4612,0,-1361.5,-405.4612,0,-1361.5,-405.4612,0,-1361.5,-405.4612,0,-1361.5,-405.4612,0,-1361.5,-405.4612,0,-1361.5,-405.4612,0,-1361.5,-405.4612,0,-1361.5,-405.4612,0,-1361.5,-405.4612,0,-1361.5,-405.4612,0,-1361.5,-405.4612,0,-1361.5,-405.4612,0,-1361.5,-405.4612,0,-1361.5,-405.4612,0,-1361.5,-405.4612,0,-1361.5,-405.4612,0,-1361.5,-405.4612,0,-1361.5,-405.4612,0,-1361.5,-405.4612,0,-1361.5,-405.4612,0,-1361.5,-405.4612,0,-1361.5,-405.4612,0,-1361.5,-405.4612,0,-1361.5,-405.4612,0,-1361.5,-405.4612,0,-1361.5,-405.4612,0,-1361.5,-405.4612,0,-1361.5,-405.4612,0,-1361.5,-405.4612,0,-1361.5,-405.4612,0,-1361.5,-405.4612,0,-1361.5,-405.4612,0,-1361.5,-405.4612,0,-1361.5,-405.4612,0,-1361.5,-405.4612,0,-1361.5,-405.4612,0,-1361.5,-405.4612,0,-1361.5,-405.4612,0,-1361.5,-405.4612,0,-1361.5,-405.4612,0,-1361.5,-405.4612,0,-1361.5,-405.4612,0,-1361.5,-405.4612,0,-1361.5,-405.4612,0,-1361.5,-405.4612,0,-1361.5,-405.4612,0,-1361.5,-405.4612,0,-1361.5,-405.4612,0,-1361.5,-405.4612,0,-1361.5,-405.4612,0,-1361.5
TaiChiPose 2,-0.7727345,-0.05270204,0.3616748,-0.7791191,-0.2349315,0.3594301,-0.7855342,-0.3793199,0.3785033,-0.7962215,-0.5998465,0.4008293,-0.7602405,-0.5649845,0.4009833,-0.617974,-0.5349641,0.3865204,-0.480761,-0.2983997,0.3158569,-0.5420032,-0.253349,0.0913074,-0.5594881,-0.2521693,-0.005544186,-0.5841272,-0.2510084,-0.1132011,-0.616023,-0.2663082,-0.004354954,-0.8287198,-0.5616137,0.3954344,-0.9523681,-0.5199651,0.3630974,-1.03179,-0.3044114,0.1897206,-0.9216196,-0.2353463,-0.01208878,-0.8755122,-0.2063107,-0.1029835,-0.824735,-0.1946677,-0.1982288,-0.8124945,-0.2042776,-0.06855798,-0.6797901,-0.05603291,0.3677206,-0.6174321,0.3463181,0.408556,-0.5695598,0.7068792,0.552211,-0.5440493,0.8296806,0.4075181,-0.8565465,-0.04969844,0.3562231,-0.9051545,0.3544513,0.3934026,-0.9295586,0.7305374,0.5122764,-0.9623578,0.8357981,0.374862,-0.7991567,-0.6831213,0.3955235,-0.7792484,-0.6707248,0.2329607,-0.7593678,-0.7180976,0.2581344,-0.7162607,-0.748237,0.3765574,-0.8113446,-0.7095073,0.2491579,-0.8844669,-0.7374652,0.357815,-433.8328,0,-1458.166,-433.8328,0,-1458.166,-433.8328,0,-1458.166,-433.8328,0,-1458.166,-433.8328,0,-1458.166,-433.8328,0,-1458.166,-433.8328,0,-1458.166,-433.8328,0,-1458.166,-433.8328,0,-1458.166,-433.8328,0,-1458.166,-433.8328,0,-1458.166,-433.8328,0,-1458.166,-433.8328,0,-1458.166,-433.8328,0,-1458.166,-433.8328,0,-1458.166,-433.8328,0,-1458.166,-433.8328,0,-1458.166,-433.8328,0,-1458.166,-433.8328,0,-1458.166,-433.8328,0,-1458.166,-433.8328,0,-1458.166,-433.8328,0,-1458.166,-433.8328,0,-1458.166,-433.8328,0,-1458.166,-433.8328,0,-1458.166,-433.8328,0,-1458.166,-433.8328,0,-1458.166,-433.8328,0,-1458.166,-433.8328,0,-1458.166,-433.8328,0,-1458.166,-433.8328,0,-1458.166,-433.8328,0,-1458.166,-433.8328,0,-1458.166,-433.8328,0,-1458.166,-433.8328,0,-1458.166,-433.8328,0,-1458.166,-433.8328,0,-1458.166,-433.8328,0,-1458.166,-433.8328,0,-1458.166,-433.8328,0,-1458.166,-433.8328,0,-1458.166,-433.8328,0,-1458.166,-433.8328,0,-1458.166,-433.8328,0,-1458.166,-433.8328,0,-1458.166,-433.8328,0,-1458.166,-433.8328,0,-1458.166,-433.8328,0,-1458.166,-433.8328,0,-1458.166,-433.8328,0,-1458.166,-433.8328,0,-1458.166,-433.8328,0,-1458.166,-433.8328,0,-1458.166,-433.8328,0,-1458.166,-433.8328,0,-1458.166,-433.8328,0,-1458.166,-433.8328,0,-1458.166,-433.8328,0,-1458.166,-433.8328,0,-1458.166,-433.8328,0,-1458.166,-433.8328,0,-1458.166,-433.8328,0,-1458.166,-433.8328,0,-1458.166,-433.8328,0,-1458.166,-433.8328,0,-1458.166,-433.8328,0,-1458.166,-433.8328,0,-1458.166,-433.8328,0,-1458.166
MenuPose,-0.7182427,-0.002053846,-0.2219698,-0.7187209,-0.1852635,-0.2475758,-0.7198595,-0.3327172,-0.2588871,-0.7608201,-0.5495089,-0.2141418,-0.7197329,-0.5203231,-0.2207088,-0.5840067,-0.5798908,-0.219327,-0.493794,-0.8152941,-0.3555382,-0.5007486,-1.032077,-0.4594415,-0.505565,-1.131808,-0.4592438,-0.5340996,-1.239584,-0.4481184,-0.5328692,-1.1642,-0.4718422,-0.7881597,-0.5066529,-0.2202296,-0.9056473,-0.4375353,-0.2240744,-0.9398947,-0.1476319,-0.2291598,-0.9406155,0.08746115,-0.292748,-0.9257166,0.1939302,-0.2922685,-0.8699802,0.2756416,-0.2438385,-0.8691885,0.2088249,-0.2918572,-0.6240135,-0.003367548,-0.21433,-0.6051171,0.4072771,-0.1566064,-0.6072851,0.7759117,-0.01001239,-0.5772002,0.8939376,-0.1613383,-0.8032134,-0.000869223,-0.2288589,-0.809926,0.4116296,-0.1870615,-0.8113036,0.7962599,-0.07404685,-0.8242534,0.9037086,-0.2162766,-0.7766557,-0.6326642,-0.2111604,-0.7439376,-0.5769422,-0.3647411,-0.7180656,-0.6262645,-0.3484194,-0.6808536,-0.6786751,-0.2337554,-0.7704428,-0.6235117,-0.3621368,-0.8482786,-0.6888881,-0.2719998,-60.42418,0,-200.4811,-60.42418,0,-200.4811,-60.42418,0,-200.4811,-60.42418,0,-200.4811,-60.42418,0,-200.4811,-60.42418,0,-200.4811,-60.42418,0,-200.4811,-60.42418,0,-200.4811,-60.42418,0,-200.4811,-60.42418,0,-200.4811,-60.42418,0,-200.4811,-60.42418,0,-200.4811,-60.42418,0,-200.4811,-60.42418,0,-200.4811,-60.42418,0,-200.4811,-60.42418,0,-200.4811,-60.42418,0,-200.4811,-60.42418,0,-200.4811,-60.42418,0,-200.4811,-60.42418,0,-200.4811,-60.42418,0,-200.4811,-60.42418,0,-200.4811,-60.42418,0,-200.4811,-60.42418,0,-200.4811,-60.42418,0,-200.4811,-60.42418,0,-200.4811,-60.42418,0,-200.4811,-60.42418,0,-200.4811,-60.42418,0,-200.4811,-60.42418,0,-200.4811,-60.42418,0,-200.4811,-60.42418,0,-200.4811,-60.42418,0,-200.4811,-60.42418,0,-200.4811,-60.42418,0,-200.4811,-60.42418,0,-200.4811,-60.42418,0,-200.4811,-60.42418,0,-200.4811,-60.42418,0,-200.4811,-60.42418,0,-200.4811,-60.42418,0,-200.4811,-60.42418,0,-200.4811,-60.42418,0,-200.4811,-60.42418,0,-200.4811,-60.42418,0,-200.4811,-60.42418,0,-200.4811,-60.42418,0,-200.4811,-60.42418,0,-200.4811,-60.42418,0,-200.4811,-60.42418,0,-200.4811,-60.42418,0,-200.4811,-60.42418,0,-200.4811,-60.42418,0,-200.4811,-60.42418,0,-200.4811,-60.42418,0,-200.4811,-60.42418,0,-200.4811,-60.42418,0,-200.4811,-60.42418,0,-200.4811,-60.42418,0,-200.4811,-60.42418,0,-200.4811,-60.42418,0,-200.4811,-60.42418,0,-200.4811,-60.42418,0,-200.4811,-60.42418,0,-200.4811,-60.42418,0,-200.4811,-60.42418,0,-200.4811,-60.42418,0,-200.4811,-60.42418,0,-200.4811
PoseM,-0.7047311,-0.01231698,-0.08157063,-0.7047718,-0.1971754,-0.08841181,-0.7061945,-0.3446066,-0.07690501,-0.7013721,-0.5686513,-0.05555129,-0.6697555,-0.5300056,-0.04607344,-0.5339054,-0.4715798,-0.03599262,-0.4820704,-0.1957615,0.02178836,-0.4517884,0.03500291,-0.03876019,-0.4504628,0.1348333,-0.03778648,-0.4850931,0.2394484,-0.05801535,-0.5041933,0.1660486,-0.07135057,-0.7352275,-0.5330746,-0.07001138,-0.8430192,-0.5091102,-0.1500163,-0.9444211,-0.4566809,-0.4187284,-0.8727038,-0.5380954,-0.6367587,-0.8906611,-0.5191663,-0.7410483,-0.8710903,-0.525226,-0.8492529,-0.8367956,-0.5031515,-0.731223,-0.610503,-0.01262354,-0.07384801,-0.5602175,0.3953409,-0.01602697,-0.5395787,0.7713019,0.1088855,-0.4984369,0.8984611,-0.03207588,-0.7897007,-0.01204054,-0.08853412,-0.8176945,0.3989978,-0.04162955,-0.8320275,0.7813584,0.07795,-0.867527,0.894025,-0.05616283,-0.6947769,-0.652941,-0.06062222,-0.6740829,-0.6009186,-0.2175491,-0.6523752,-0.65297,-0.2038505,-0.608289,-0.7097265,-0.09378982,-0.7053233,-0.6440893,-0.2113709,-0.7790878,-0.700239,-0.1120629,-49.78452,0,-162.0049,-49.78452,0,-162.0049,-49.78452,0,-162.0049,-49.78452,0,-162.0049,-49.78452,0,-162.0049,-49.78452,0,-162.0049,-49.78452,0,-162.0049,-49.78452,0,-162.0049,-49.78452,0,-162.0049,-49.78452,0,-162.0049,-49.78452,0,-162.0049,-49.78452,0,-162.0049,-49.78452,0,-162.0049,-49.78452,0,-162.0049,-49.78452,0,-162.0049,-49.78452,0,-162.0049,-49.78452,0,-162.0049,-49.78452,0,-162.0049,-49.78452,0,-162.0049,-49.78452,0,-162.0049,-49.78452,0,-162.0049,-49.78452,0,-162.0049,-49.78452,0,-162.0049,-49.78452,0,-162.0049,-49.78452,0,-162.0049,-49.78452,0,-162.0049,-49.78452,0,-162.0049,-49.78452,0,-162.0049,-49.78452,0,-162.0049,-49.78452,0,-162.0049,-49.78452,0,-162.0049,-49.78452,0,-162.0049,-49.78452,0,-162.0049,-49.78452,0,-162.0049,-49.78452,0,-162.0049,-49.78452,0,-162.0049,-49.78452,0,-162.0049,-49.78452,0,-162.0049,-49.78452,0,-162.0049,-49.78452,0,-162.0049,-49.78452,0,-162.0049,-49.78452,0,-162.0049,-49.78452,0,-162.0049,-49.78452,0,-162.0049,-49.78452,0,-162.0049,-49.78452,0,-162.0049,-49.78452,0,-162.0049,-49.78452,0,-162.0049,-49.78452,0,-162.0049,-49.78452,0,-162.0049,-49.78452,0,-162.0049,-49.78452,0,-162.0049,-49.78452,0,-162.0049,-49.78452,0,-162.0049,-49.78452,0,-162.0049,-49.78452,0,-162.0049,-49.78452,0,-162.0049,-49.78452,0,-162.0049,-49.78452,0,-162.0049,-49.78452,0,-162.0049,-49.78452,0,-162.0049,-49.78452,0,-162.0049,-49.78452,0,-162.0049,-49.78452,0,-162.0049,-49.78452,0,-162.0049,-49.78452,0,-162.0049,-49.78452,0,-162.0049,-49.78452,0,-162.0049
FireFight Wide Stance,0.444469,0.2173161,-1.782004,0.4509161,0.04207962,-1.835238,0.4578723,-0.09255189,-1.892594,0.470002,-0.3130619,-1.923599,0.5025976,-0.2750263,-1.918527,0.6395872,-0.233751,-1.951575,0.7455695,-0.1087425,-2.183341,0.7728069,-0.03870971,-2.409424,0.8297544,-0.04195725,-2.490232,0.8026061,0.0378943,-2.562386,0.7850132,0.03983411,-2.527129,0.4335951,-0.2785158,-1.916295,0.3023185,-0.2543907,-1.937101,0.115058,-0.1416816,-2.126529,0.007815361,-0.07343823,-2.331585,-0.003447741,-0.132534,-2.419466,-0.08710024,-0.1031456,-2.483036,-0.00889194,-0.1152626,-2.457622,0.5374445,0.2172992,-1.770688,0.7378047,0.5663942,-1.854902,0.7095013,0.9070752,-1.661033,0.7677119,1.074088,-1.736855,0.360629,0.2173314,-1.792208,0.2079793,0.5875054,-1.883908,0.1730542,0.9363511,-1.697351,0.1469848,1.083195,-1.792765,0.4739678,-0.3930172,-1.94874,0.536568,-0.4412617,-2.093647,0.5479608,-0.4741834,-2.047909,0.5576501,-0.4541239,-1.91961,0.5001799,-0.4736629,-2.072425,0.3998588,-0.4643569,-1.983195,51.53399,0,-698.3179,51.53399,0,-698.3179,51.53399,0,-698.3179,51.53399,0,-698.3179,51.53399,0,-698.3179,51.53399,0,-698.3179,51.53399,0,-698.3179,51.53399,0,-698.3179,51.53399,0,-698.3179,51.53399,0,-698.3179,51.53399,0,-698.3179,51.53399,0,-698.3179,51.53399,0,-698.3179,51.53399,0,-698.3179,51.53399,0,-698.3179,51.53399,0,-698.3179,51.53399,0,-698.3179,51.53399,0,-698.3179,51.53399,0,-698.3179,51.53399,0,-698.3179,51.53399,0,-698.3179,51.53399,0,-698.3179,51.53399,0,-698.3179,51.53399,0,-698.3179,51.53399,0,-698.3179,51.53399,0,-698.3179,51.53399,0,-698.3179,51.53399,0,-698.3179,51.53399,0,-698.3179,51.53399,0,-698.3179,51.53399,0,-698.3179,51.53399,0,-698.3179,51.53399,0,-698.3179,51.53399,0,-698.3179,51.53399,0,-698.3179,51.53399,0,-698.3179,51.53399,0,-698.3179,51.53399,0,-698.3179,51.53399,0,-698.3179,51.53399,0,-698.3179,51.53399,0,-698.3179,51.53399,0,-698.3179,51.53399,0,-698.3179,51.53399,0,-698.3179,51.53399,0,-698.3179,51.53399,0,-698.3179,51.53399,0,-698.3179,51.53399,0,-698.3179,51.53399,0,-698.3179,51.53399,0,-698.3179,51.53399,0,-698.3179,51.53399,0,-698.3179,51.53399,0,-698.3179,51.53399,0,-698.3179,51.53399,0,-698.3179,51.53399,0,-698.3179,51.53399,0,-698.3179,51.53399,0,-698.3179,51.53399,0,-698.3179,51.53399,0,-698.3179,51.53399,0,-698.3179,51.53399,0,-698.3179,51.53399,0,-698.3179,51.53399,0,-698.3179,51.53399,0,-698.3179,51.53399,0,-698.3179,51.53399,0,-698.3179,51.53399,0,-698.3179
DD Start,-0.8093622,-0.05332851,0.3629224,-0.8090193,-0.2379883,0.3415205,-0.808983,-0.3865351,0.3460228,-0.7926844,-0.6117817,0.3592172,-0.7603865,-0.572218,0.3591917,-0.61821,-0.5278269,0.3608201,-0.5700446,-0.2556969,0.4416752,-0.5632674,-0.03651797,0.3400817,-0.541918,0.06140859,0.3447587,-0.5859298,0.1600357,0.3129399,-0.6092167,0.09719011,0.3223588,-0.830328,-0.5767786,0.3570685,-0.9671537,-0.5693023,0.357847,-1.247894,-0.5930237,0.275985,-1.280451,-0.7971597,0.1449766,-1.289604,-0.9041668,0.1566806,-1.286681,-1.007622,0.1174848,-1.216121,-0.9280087,0.1086473,-0.7143577,-0.05327353,0.36397,-0.7180845,0.3565294,0.4417932,-0.7246497,0.7396651,0.5517666,-0.6996945,0.848163,0.3914225,-0.8950318,-0.05337809,0.3619776,-0.8698114,0.3578396,0.4244139,-0.840894,0.7433359,0.5377619,-0.859184,0.8347719,0.3842673,-0.7861606,-0.6961647,0.3501728,-0.7853832,-0.6706756,0.1846902,-0.7594191,-0.7190959,0.2042556,-0.7004085,-0.7549713,0.31686,-0.8135366,-0.7134523,0.2015362,-0.8732908,-0.7547101,0.3171456,-98.25379,0,-329.588,-98.25379,0,-329.588,-98.25379,0,-329.588,-98.25379,0,-329.588,-98.25379,0,-329.588,-98.25379,0,-329.588,-98.25379,0,-329.588,-98.25379,0,-329.588,-98.25379,0,-329.588,-98.25379,0,-329.588,-98.25379,0,-329.588,-98.25379,0,-329.588,-98.25379,0,-329.588,-98.25379,0,-329.588,-98.25379,0,-329.588,-98.25379,0,-329.588,-98.25379,0,-329.588,-98.25379,0,-329.588,-98.25379,0,-329.588,-98.25379,0,-329.588,-98.25379,0,-329.588,-98.25379,0,-329.588,-98.25379,0,-329.588,-98.25379,0,-329.588,-98.25379,0,-329.588,-98.25379,0,-329.588,-98.25379,0,-329.588,-98.25379,0,-329.588,-98.25379,0,-329.588,-98.25379,0,-329.588,-98.25379,0,-329.588,-98.25379,0,-329.588,-98.25379,0,-329.588,-98.25379,0,-329.588,-98.25379,0,-329.588,-98.25379,0,-329.588,-98.25379,0,-329.588,-98.25379,0,-329.588,-98.25379,0,-329.588,-98.25379,0,-329.588,-98.25379,0,-329.588,-98.25379,0,-329.588,-98.25379,0,-329.588,-98.25379,0,-329.588,-98.25379,0,-329.588,-98.25379,0,-329.588,-98.25379,0,-329.588,-98.25379,0,-329.588,-98.25379,0,-329.588,-98.25379,0,-329.588,-98.25379,0,-329.588,-98.25379,0,-329.588,-98.25379,0,-329.588,-98.25379,0,-329.588,-98.25379,0,-329.588,-98.25379,0,-329.588,-98.25379,0,-329.588,-98.25379,0,-329.588,-98.25379,0,-329.588,-98.25379,0,-329.588,-98.25379,0,-329.588,-98.25379,0,-329.588,-98.25379,0,-329.588,-98.25379,0,-329.588,-98.25379,0,-329.588,-98.25379,0,-329.588,-98.25379,0,-329.588,-98.25379,0,-329.588
DD 1,-0.9498493,-0.1886143,0.1702282,-0.9206545,-0.3687826,0.1635835,-0.8951901,-0.5110345,0.1427219,-0.8842888,-0.7326701,0.1301901,-0.8516662,-0.694789,0.1345053,-0.7054554,-0.6891174,0.1371524,-0.4252337,-0.6554208,0.1564589,-0.3041416,-0.8423602,0.07418966,-0.2416223,-0.9158724,0.09431195,-0.1603422,-0.9853422,0.1226656,-0.2377613,-0.9548306,0.09430194,-0.9204693,-0.697428,0.1321647,-1.054313,-0.7114329,0.128264,-1.339915,-0.7056019,0.0897007,-1.370896,-0.9160329,-0.02242947,-1.423973,-1.003319,0.006379366,-1.489201,-1.087352,0.02887535,-1.404008,-1.032325,0.003392935,-0.858681,-0.174361,0.18432,-0.8916208,0.2339069,0.170284,-0.9543768,0.5823822,0.3377249,-0.9523929,0.7402593,0.2288568,-1.03206,-0.2014672,0.1575208,-1.136857,-0.1062191,-0.2265997,-1.131084,0.2561576,-0.06752706,-1.176472,0.3956843,-0.165545,-0.879807,-0.8141346,0.1118419,-0.897244,-0.7589549,-0.04214549,-0.8678632,-0.8076289,-0.03500843,-0.7971105,-0.8594161,0.06067348,-0.9212045,-0.8049693,-0.03147411,-0.9658462,-0.8696893,0.0771966,-284.7293,0,-829.7314,-284.7293,0,-829.7314,-284.7293,0,-829.7314,-284.7293,0,-829.7314,-284.7293,0,-829.7314,-284.7293,0,-829.7314,-284.7293,0,-829.7314,-284.7293,0,-829.7314,-284.7293,0,-829.7314,-284.7293,0,-829.7314,-284.7293,0,-829.7314,-284.7293,0,-829.7314,-284.7293,0,-829.7314,-284.7293,0,-829.7314,-284.7293,0,-829.7314,-284.7293,0,-829.7314,-284.7293,0,-829.7314,-284.7293,0,-829.7314,-284.7293,0,-829.7314,-284.7293,0,-829.7314,-284.7293,0,-829.7314,-284.7293,0,-829.7314,-284.7293,0,-829.7314,-284.7293,0,-829.7314,-284.7293,0,-829.7314,-284.7293,0,-829.7314,-284.7293,0,-829.7314,-284.7293,0,-829.7314,-284.7293,0,-829.7314,-284.7293,0,-829.7314,-284.7293,0,-829.7314,-284.7293,0,-829.7314,-284.7293,0,-829.7314,-284.7293,0,-829.7314,-284.7293,0,-829.7314,-284.7293,0,-829.7314,-284.7293,0,-829.7314,-284.7293,0,-829.7314,-284.7293,0,-829.7314,-284.7293,0,-829.7314,-284.7293,0,-829.7314,-284.7293,0,-829.7314,-284.7293,0,-829.7314,-284.7293,0,-829.7314,-284.7293,0,-829.7314,-284.7293,0,-829.7314,-284.7293,0,-829.7314,-284.7293,0,-829.7314,-284.7293,0,-829.7314,-284.7293,0,-829.7314,-284.7293,0,-829.7314,-284.7293,0,-829.7314,-284.7293,0,-829.7314,-284.7293,0,-829.7314,-284.7293,0,-829.7314,-284.7293,0,-829.7314,-284.7293,0,-829.7314,-284.7293,0,-829.7314,-284.7293,0,-829.7314,-284.7293,0,-829.7314,-284.7293,0,-829.7314,-284.7293,0,-829.7314,-284.7293,0,-829.7314,-284.7293,0,-829.7314,-284.7293,0,-829.7314,-284.7293,0,-829.7314,-284.7293,0,-829.7314,-284.7293,0,-829.7314
DD 2,-1.384277,-0.06466305,0.2143729,-1.398393,-0.2460442,0.1795061,-1.4078,-0.3928755,0.1626835,-1.48408,-0.6040357,0.1424804,-1.438638,-0.5811961,0.1443269,-1.303618,-0.6428422,0.1450822,-1.039101,-0.73837,0.2019494,-0.85761,-0.8941343,0.1737742,-0.8071734,-0.9744344,0.2054675,-0.7343303,-1.059171,0.2155256,-0.8142898,-1.014025,0.1883438,-1.504124,-0.5573699,0.1494672,-1.628173,-0.505464,0.1731961,-1.716325,-0.2267502,0.1777742,-1.78796,0.006327332,0.1737452,-1.860777,0.07386158,0.2152896,-1.904228,0.1713921,0.1876969,-1.881406,0.09029982,0.2041771,-1.291141,-0.06873885,0.1978681,-1.176679,0.3207504,0.1085355,-1.130352,0.6232845,0.3617907,-1.075409,0.7868407,0.2719729,-1.468262,-0.0609877,0.2292562,-1.714132,0.2735728,0.2238514,-1.805682,0.6528776,0.3181665,-1.942063,0.74064,0.2424915,-1.512926,-0.6808921,0.1211529,-1.649064,-0.647619,0.03061795,-1.618919,-0.6952864,0.01659536,-1.493351,-0.733156,0.02775693,-1.651209,-0.6924464,0.06014252,-1.589258,-0.7421707,0.1705806,-373.8898,0,-1061.988,-373.8898,0,-1061.988,-373.8898,0,-1061.988,-373.8898,0,-1061.988,-373.8898,0,-1061.988,-373.8898,0,-1061.988,-373.8898,0,-1061.988,-373.8898,0,-1061.988,-373.8898,0,-1061.988,-373.8898,0,-1061.988,-373.8898,0,-1061.988,-373.8898,0,-1061.988,-373.8898,0,-1061.988,-373.8898,0,-1061.988,-373.8898,0,-1061.988,-373.8898,0,-1061.988,-373.8898,0,-1061.988,-373.8898,0,-1061.988,-373.8898,0,-1061.988,-373.8898,0,-1061.988,-373.8898,0,-1061.988,-373.8898,0,-1061.988,-373.8898,0,-1061.988,-373.8898,0,-1061.988,-373.8898,0,-1061.988,-373.8898,0,-1061.988,-373.8898,0,-1061.988,-373.8898,0,-1061.988,-373.8898,0,-1061.988,-373.8898,0,-1061.988,-373.8898,0,-1061.988,-373.8898,0,-1061.988,-373.8898,0,-1061.988,-373.8898,0,-1061.988,-373.8898,0,-1061.988,-373.8898,0,-1061.988,-373.8898,0,-1061.988,-373.8898,0,-1061.988,-373.8898,0,-1061.988,-373.8898,0,-1061.988,-373.8898,0,-1061.988,-373.8898,0,-1061.988,-373.8898,0,-1061.988,-373.8898,0,-1061.988,-373.8898,0,-1061.988,-373.8898,0,-1061.988,-373.8898,0,-1061.988,-373.8898,0,-1061.988,-373.8898,0,-1061.988,-373.8898,0,-1061.988,-373.8898,0,-1061.988,-373.8898,0,-1061.988,-373.8898,0,-1061.988,-373.8898,0,-1061.988,-373.8898,0,-1061.988,-373.8898,0,-1061.988,-373.8898,0,-1061.988,-373.8898,0,-1061.988,-373.8898,0,-1061.988,-373.8898,0,-1061.988,-373.8898,0,-1061.988,-373.8898,0,-1061.988,-373.8898,0,-1061.988,-373.8898,0,-1061.988,-373.8898,0,-1061.988,-373.8898,0,-1061.988,-373.8898,0,-1061.988,-373.8898,0,-1061.988
DD 3,-1.518814,-0.08119918,0.1968169,-1.535586,-0.2624283,0.1544383,-1.545875,-0.4091983,0.1285214,-1.543631,-0.6365916,0.127142,-1.509066,-0.5989555,0.1221774,-1.36351,-0.6049716,0.08756042,-1.080721,-0.5450715,0.07246542,-0.8463737,-0.492029,0.03655791,-0.7490042,-0.5136206,0.05160022,-0.63855,-0.5366043,0.06064844,-0.7205719,-0.577345,0.03047633,-1.578434,-0.5990906,0.1347063,-1.715035,-0.6003377,0.1524231,-2.008337,-0.5695413,0.14904,-2.246299,-0.5507777,0.08948278,-2.333534,-0.6102886,0.1148341,-2.437381,-0.5728541,0.1010067,-2.325844,-0.6523628,0.07036185,-1.429895,-0.08127583,0.161953,-1.271011,0.3000753,0.2338431,-1.118099,0.6272845,0.4074972,-1.061896,0.7429783,0.2593007,-1.598996,-0.08113005,0.2282555,-1.835204,0.2627609,0.1907451,-1.797838,0.6483056,0.3088951,-1.912364,0.7591526,0.2240901,-1.545295,-0.7209297,0.1128089,-1.616901,-0.6693484,-0.03051519,-1.584589,-0.718213,-0.0328567,-1.481838,-0.7667319,0.03585219,-1.63482,-0.7166616,-0.0110929,-1.638294,-0.7807776,0.1101983,-537.2334,0,-1456.75,-537.2334,0,-1456.75,-537.2334,0,-1456.75,-537.2334,0,-1456.75,-537.2334,0,-1456.75,-537.2334,0,-1456.75,-537.2334,0,-1456.75,-537.2334,0,-1456.75,-537.2334,0,-1456.75,-537.2334,0,-1456.75,-537.2334,0,-1456.75,-537.2334,0,-1456.75,-537.2334,0,-1456.75,-537.2334,0,-1456.75,-537.2334,0,-1456.75,-537.2334,0,-1456.75,-537.2334,0,-1456.75,-537.2334,0,-1456.75,-537.2334,0,-1456.75,-537.2334,0,-1456.75,-537.2334,0,-1456.75,-537.2334,0,-1456.75,-537.2334,0,-1456.75,-537.2334,0,-1456.75,-537.2334,0,-1456.75,-537.2334,0,-1456.75,-537.2334,0,-1456.75,-537.2334,0,-1456.75,-537.2334,0,-1456.75,-537.2334,0,-1456.75,-537.2334,0,-1456.75,-537.2334,0,-1456.75,-537.2334,0,-1456.75,-537.2334,0,-1456.75,-537.2334,0,-1456.75,-537.2334,0,-1456.75,-537.2334,0,-1456.75,-537.2334,0,-1456.75,-537.2334,0,-1456.75,-537.2334,0,-1456.75,-537.2334,0,-1456.75,-537.2334,0,-1456.75,-537.2334,0,-1456.75,-537.2334,0,-1456.75,-537.2334,0,-1456.75,-537.2334,0,-1456.75,-537.2334,0,-1456.75,-537.2334,0,-1456.75,-537.2334,0,-1456.75,-537.2334,0,-1456.75,-537.2334,0,-1456.75,-537.2334,0,-1456.75,-537.2334,0,-1456.75,-537.2334,0,-1456.75,-537.2334,0,-1456.75,-537.2334,0,-1456.75,-537.2334,0,-1456.75,-537.2334,0,-1456.75,-537.2334,0,-1456.75,-537.2334,0,-1456.75,-537.2334,0,-1456.75,-537.2334,0,-1456.75,-537.2334,0,-1456.75,-537.2334,0,-1456.75,-537.2334,0,-1456.75,-537.2334,0,-1456.75,-537.2334,0,-1456.75,-537.2334,0,-1456.75
DD 4,-1.290414,-0.08720744,0.1570232,-1.284884,-0.2740337,0.1155736,-1.280789,-0.4244686,0.08767843,-1.277772,-0.6555885,0.05847025,-1.242261,-0.6177011,0.06684279,-1.089091,-0.6100009,0.06330538,-0.8756022,-0.4717,-0.08912373,-0.9425693,-0.4546582,-0.3282325,-0.9607865,-0.4638002,-0.4295352,-0.9968113,-0.4472815,-0.5385063,-1.025264,-0.4348329,-0.4576519,-1.314313,-0.6173826,0.0619874,-1.451732,-0.610315,0.03064251,-1.690495,-0.4632752,-0.08191729,-1.567695,-0.4944742,-0.2998003,-1.502039,-0.4728923,-0.3869922,-1.441549,-0.4430979,-0.4788812,-1.454186,-0.4729206,-0.3662626,-1.192787,-0.08573703,0.1634223,-1.016539,0.3006768,0.09876704,-0.9605548,0.6426432,0.3189743,-0.8931346,0.750308,0.1631598,-1.37845,-0.08853336,0.1512527,-1.553564,0.2916723,0.05669737,-1.649265,0.6643602,0.2118642,-1.709118,0.7505012,0.05952048,-1.275684,-0.7395566,0.0333879,-1.232398,-0.7635841,-0.1317894,-1.218847,-0.8076141,-0.09324789,-1.192226,-0.8146268,0.03997803,-1.270947,-0.7981892,-0.111815,-1.363546,-0.7993193,-0.006020546,-616.6138,0,-1678.661,-616.6138,0,-1678.661,-616.6138,0,-1678.661,-616.6138,0,-1678.661,-616.6138,0,-1678.661,-616.6138,0,-1678.661,-616.6138,0,-1678.661,-616.6138,0,-1678.661,-616.6138,0,-1678.661,-616.6138,0,-1678.661,-616.6138,0,-1678.661,-616.6138,0,-1678.661,-616.6138,0,-1678.661,-616.6138,0,-1678.661,-616.6138,0,-1678.661,-616.6138,0,-1678.661,-616.6138,0,-1678.661,-616.6138,0,-1678.661,-616.6138,0,-1678.661,-616.6138,0,-1678.661,-616.6138,0,-1678.661,-616.6138,0,-1678.661,-616.6138,0,-1678.661,-616.6138,0,-1678.661,-616.6138,0,-1678.661,-616.6138,0,-1678.661,-616.6138,0,-1678.661,-616.6138,0,-1678.661,-616.6138,0,-1678.661,-616.6138,0,-1678.661,-616.6138,0,-1678.661,-616.6138,0,-1678.661,-616.6138,0,-1678.661,-616.6138,0,-1678.661,-616.6138,0,-1678.661,-616.6138,0,-1678.661,-616.6138,0,-1678.661,-616.6138,0,-1678.661,-616.6138,0,-1678.661,-616.6138,0,-1678.661,-616.6138,0,-1678.661,-616.6138,0,-1678.661,-616.6138,0,-1678.661,-616.6138,0,-1678.661,-616.6138,0,-1678.661,-616.6138,0,-1678.661,-616.6138,0,-1678.661,-616.6138,0,-1678.661,-616.6138,0,-1678.661,-616.6138,0,-1678.661,-616.6138,0,-1678.661,-616.6138,0,-1678.661,-616.6138,0,-1678.661,-616.6138,0,-1678.661,-616.6138,0,-1678.661,-616.6138,0,-1678.661,-616.6138,0,-1678.661,-616.6138,0,-1678.661,-616.6138,0,-1678.661,-616.6138,0,-1678.661,-616.6138,0,-1678.661,-616.6138,0,-1678.661,-616.6138,0,-1678.661,-616.6138,0,-1678.661,-616.6138,0,-1678.661,-616.6138,0,-1678.661,-616.6138,0,-1678.661,-616.6138,0,-1678.661
DD 5,-0.9273644,-0.01043038,-0.5102378,-0.9261516,-0.1938894,-0.5432874,-0.9250405,-0.3427503,-0.5503094,-0.9078863,-0.5684147,-0.5659211,-0.8760153,-0.529202,-0.5575753,-0.7339079,-0.4835555,-0.5633698,-0.6235412,-0.2168335,-0.5707997,-0.5824693,-0.005096853,-0.6813185,-0.5487204,0.08195193,-0.7188311,-0.5335988,0.185095,-0.7621971,-0.5845186,0.1218564,-0.7586471,-0.9455936,-0.5332174,-0.5669237,-1.080509,-0.555732,-0.5801075,-1.170478,-0.4321561,-0.8314953,-0.9369997,-0.4216903,-0.9063846,-0.8357608,-0.4530043,-0.8838731,-0.7268556,-0.4551977,-0.8626313,-0.8151751,-0.4496255,-0.912642,-0.8320933,-0.009690518,-0.5108485,-0.6974791,0.3838847,-0.5551299,-0.6216388,0.7277088,-0.3657798,-0.5927139,0.8560455,-0.5107328,-1.013275,-0.01109754,-0.5096872,-1.165124,0.3716706,-0.58066,-1.264374,0.7197679,-0.4012773,-1.317034,0.8369226,-0.5275234,-0.8997213,-0.6510754,-0.5855669,-0.901885,-0.6182848,-0.7502236,-0.8755403,-0.6676521,-0.7332131,-0.814386,-0.7085301,-0.6230503,-0.9298447,-0.6618786,-0.7347195,-0.9877187,-0.7082801,-0.6196536,-26.67577,0,-70.31532,-26.67577,0,-70.31532,-26.67577,0,-70.31532,-26.67577,0,-70.31532,-26.67577,0,-70.31532,-26.67577,0,-70.31532,-26.67577,0,-70.31532,-26.67577,0,-70.31532,-26.67577,0,-70.31532,-26.67577,0,-70.31532,-26.67577,0,-70.31532,-26.67577,0,-70.31532,-26.67577,0,-70.31532,-26.67577,0,-70.31532,-26.67577,0,-70.31532,-26.67577,0,-70.31532,-26.67577,0,-70.31532,-26.67577,0,-70.31532,-26.67577,0,-70.31532,-26.67577,0,-70.31532,-26.67577,0,-70.31532,-26.67577,0,-70.31532,-26.67577,0,-70.31532,-26.67577,0,-70.31532,-26.67577,0,-70.31532,-26.67577,0,-70.31532,-26.67577,0,-70.31532,-26.67577,0,-70.31532,-26.67577,0,-70.31532,-26.67577,0,-70.31532,-26.67577,0,-70.31532,-26.67577,0,-70.31532,-26.67577,0,-70.31532,-26.67577,0,-70.31532,-26.67577,0,-70.31532,-26.67577,0,-70.31532,-26.67577,0,-70.31532,-26.67577,0,-70.31532,-26.67577,0,-70.31532,-26.67577,0,-70.31532,-26.67577,0,-70.31532,-26.67577,0,-70.31532,-26.67577,0,-70.31532,-26.67577,0,-70.31532,-26.67577,0,-70.31532,-26.67577,0,-70.31532,-26.67577,0,-70.31532,-26.67577,0,-70.31532,-26.67577,0,-70.31532,-26.67577,0,-70.31532,-26.67577,0,-70.31532,-26.67577,0,-70.31532,-26.67577,0,-70.31532,-26.67577,0,-70.31532,-26.67577,0,-70.31532,-26.67577,0,-70.31532,-26.67577,0,-70.31532,-26.67577,0,-70.31532,-26.67577,0,-70.31532,-26.67577,0,-70.31532,-26.67577,0,-70.31532,-26.67577,0,-70.31532,-26.67577,0,-70.31532,-26.67577,0,-70.31532,-26.67577,0,-70.31532,-26.67577,0,-70.31532,-26.67577,0,-70.31532,-26.67577,0,-70.31532
DD 6,-0.7810031,0.0701712,-0.6961771,-0.7684721,-0.101483,-0.7380213,-0.7759054,-0.241092,-0.7605011,-0.7661802,-0.4557273,-0.7432597,-0.7664641,-0.4178204,-0.7127463,-0.7431957,-0.3785775,-0.578353,-0.6407468,-0.1469705,-0.4728321,-0.410797,-0.1449132,-0.4848132,-0.3313393,-0.1670206,-0.4364669,-0.2307982,-0.1870704,-0.4048736,-0.3172648,-0.1989029,-0.4077882,-0.7711794,-0.4227778,-0.7792084,-0.7427444,-0.4204766,-0.9066198,-0.4703799,-0.4219975,-0.969569,-0.2420265,-0.4573956,-0.9383062,-0.1521884,-0.4901904,-0.9002345,-0.04963553,-0.5105459,-0.8865331,-0.1450332,-0.4798976,-0.8899912,-0.7320296,0.05553286,-0.6214613,-0.5420982,0.3619837,-0.454163,-0.5276508,0.7118273,-0.3069004,-0.3979086,0.8414308,-0.2758585,-0.8251647,0.08337123,-0.7635518,-0.9422287,0.4507469,-0.8582406,-1.13275,0.7037479,-0.6413784,-1.141349,0.8743681,-0.6314646,-0.7493047,-0.5348672,-0.7378404,-0.6046391,-0.5006863,-0.7957629,-0.6086847,-0.5446774,-0.7620515,-0.6855103,-0.5787503,-0.6683605,-0.6248351,-0.5452587,-0.8113798,-0.7433528,-0.5979276,-0.8213991,-98.84456,0,-274.1613,-98.84456,0,-274.1613,-98.84456,0,-274.1613,-98.84456,0,-274.1613,-98.84456,0,-274.1613,-98.84456,0,-274.1613,-98.84456,0,-274.1613,-98.84456,0,-274.1613,-98.84456,0,-274.1613,-98.84456,0,-274.1613,-98.84456,0,-274.1613,-98.84456,0,-274.1613,-98.84456,0,-274.1613,-98.84456,0,-274.1613,-98.84456,0,-274.1613,-98.84456,0,-274.1613,-98.84456,0,-274.1613,-98.84456,0,-274.1613,-98.84456,0,-274.1613,-98.84456,0,-274.1613,-98.84456,0,-274.1613,-98.84456,0,-274.1613,-98.84456,0,-274.1613,-98.84456,0,-274.1613,-98.84456,0,-274.1613,-98.84456,0,-274.1613,-98.84456,0,-274.1613,-98.84456,0,-274.1613,-98.84456,0,-274.1613,-98.84456,0,-274.1613,-98.84456,0,-274.1613,-98.84456,0,-274.1613,-98.84456,0,-274.1613,-98.84456,0,-274.1613,-98.84456,0,-274.1613,-98.84456,0,-274.1613,-98.84456,0,-274.1613,-98.84456,0,-274.1613,-98.84456,0,-274.1613,-98.84456,0,-274.1613,-98.84456,0,-274.1613,-98.84456,0,-274.1613,-98.84456,0,-274.1613,-98.84456,0,-274.1613,-98.84456,0,-274.1613,-98.84456,0,-274.1613,-98.84456,0,-274.1613,-98.84456,0,-274.1613,-98.84456,0,-274.1613,-98.84456,0,-274.1613,-98.84456,0,-274.1613,-98.84456,0,-274.1613,-98.84456,0,-274.1613,-98.84456,0,-274.1613,-98.84456,0,-274.1613,-98.84456,0,-274.1613,-98.84456,0,-274.1613,-98.84456,0,-274.1613,-98.84456,0,-274.1613,-98.84456,0,-274.1613,-98.84456,0,-274.1613,-98.84456,0,-274.1613,-98.84456,0,-274.1613,-98.84456,0,-274.1613,-98.84456,0,-274.1613,-98.84456,0,-274.1613,-98.84456,0,-274.1613,-98.84456,0,-274.1613
DD 7,-0.762044,0.03659541,-0.7381749,-0.7474163,-0.1433586,-0.7663088,-0.739373,-0.2886711,-0.7789258,-0.7062312,-0.5085378,-0.7765529,-0.6796742,-0.4675595,-0.764902,-0.5432741,-0.4697674,-0.7117293,-0.2683666,-0.4779701,-0.6448908,-0.03569824,-0.4853684,-0.5975361,0.03466165,-0.5432222,-0.5597299,0.1294186,-0.582422,-0.5181049,0.05771244,-0.5682205,-0.5367717,-0.7443166,-0.4769227,-0.7869143,-0.8675784,-0.5191818,-0.8210255,-1.144448,-0.5822003,-0.8714278,-1.3196,-0.6931522,-0.9934162,-1.3639,-0.7793682,-0.9500463,-1.4102,-0.8698319,-0.9112366,-1.360652,-0.7937591,-0.9582293,-0.6745652,0.03860381,-0.7055383,-0.5270578,0.4039958,-0.5921569,-0.5380031,0.7163432,-0.3557768,-0.4296618,0.8743459,-0.3451091,-0.8409276,0.03478435,-0.7676047,-0.9452225,0.4115604,-0.8897755,-1.025908,0.7872635,-0.7941667,-1.047949,0.9346468,-0.8888103,-0.6895735,-0.5896254,-0.788686,-0.5516216,-0.560519,-0.8735911,-0.5528736,-0.60778,-0.8411673,-0.6154438,-0.6440082,-0.7333181,-0.5786391,-0.603787,-0.8879411,-0.7046148,-0.648923,-0.877894,-173.1164,0,-499.4773,-173.1164,0,-499.4773,-173.1164,0,-499.4773,-173.1164,0,-499.4773,-173.1164,0,-499.4773,-173.1164,0,-499.4773,-173.1164,0,-499.4773,-173.1164,0,-499.4773,-173.1164,0,-499.4773,-173.1164,0,-499.4773,-173.1164,0,-499.4773,-173.1164,0,-499.4773,-173.1164,0,-499.4773,-173.1164,0,-499.4773,-173.1164,0,-499.4773,-173.1164,0,-499.4773,-173.1164,0,-499.4773,-173.1164,0,-499.4773,-173.1164,0,-499.4773,-173.1164,0,-499.4773,-173.1164,0,-499.4773,-173.1164,0,-499.4773,-173.1164,0,-499.4773,-173.1164,0,-499.4773,-173.1164,0,-499.4773,-173.1164,0,-499.4773,-173.1164,0,-499.4773,-173.1164,0,-499.4773,-173.1164,0,-499.4773,-173.1164,0,-499.4773,-173.1164,0,-499.4773,-173.1164,0,-499.4773,-173.1164,0,-499.4773,-173.1164,0,-499.4773,-173.1164,0,-499.4773,-173.1164,0,-499.4773,-173.1164,0,-499.4773,-173.1164,0,-499.4773,-173.1164,0,-499.4773,-173.1164,0,-499.4773,-173.1164,0,-499.4773,-173.1164,0,-499.4773,-173.1164,0,-499.4773,-173.1164,0,-499.4773,-173.1164,0,-499.4773,-173.1164,0,-499.4773,-173.1164,0,-499.4773,-173.1164,0,-499.4773,-173.1164,0,-499.4773,-173.1164,0,-499.4773,-173.1164,0,-499.4773,-173.1164,0,-499.4773,-173.1164,0,-499.4773,-173.1164,0,-499.4773,-173.1164,0,-499.4773,-173.1164,0,-499.4773,-173.1164,0,-499.4773,-173.1164,0,-499.4773,-173.1164,0,-499.4773,-173.1164,0,-499.4773,-173.1164,0,-499.4773,-173.1164,0,-499.4773,-173.1164,0,-499.4773,-173.1164,0,-499.4773,-173.1164,0,-499.4773,-173.1164,0,-499.4773,-173.1164,0,-499.4773,-173.1164,0,-499.4773
DD 8,-0.7572759,0.03561763,-0.6940507,-0.7480227,-0.1427619,-0.7189425,-0.756,-0.2866015,-0.7247462,-0.7501183,-0.5051198,-0.7442508,-0.7363534,-0.4716533,-0.7104053,-0.6550173,-0.4603096,-0.5915024,-0.3854561,-0.440935,-0.5208191,-0.1806074,-0.5379572,-0.5807724,-0.1014649,-0.5869711,-0.552327,-0.02231836,-0.6615532,-0.5421112,-0.1111267,-0.6527653,-0.5196506,-0.7676591,-0.4665185,-0.7705839,-0.8020992,-0.4253552,-0.8922086,-0.6823148,-0.1690479,-0.9234099,-0.4951034,-0.1832719,-0.7780797,-0.4622473,-0.2376692,-0.6947364,-0.4083367,-0.270141,-0.6077509,-0.4418638,-0.2430143,-0.7010262,-0.6948573,0.02943077,-0.6265113,-0.5231462,0.3647681,-0.4787396,-0.4990579,0.7132605,-0.3127466,-0.37998,0.8601888,-0.3029586,-0.8135614,0.04119659,-0.7549539,-0.885497,0.4315915,-0.831355,-0.9895508,0.7654908,-0.6569175,-0.9771023,0.9385577,-0.6727617,-0.7359052,-0.5853474,-0.7576731,-0.5750949,-0.5681969,-0.7728872,-0.5938032,-0.6160342,-0.7491601,-0.6980436,-0.6500319,-0.6828232,-0.5964857,-0.6066838,-0.8011092,-0.7161916,-0.6369274,-0.8490431,-209.1003,0,-611.5179,-209.1003,0,-611.5179,-209.1003,0,-611.5179,-209.1003,0,-611.5179,-209.1003,0,-611.5179,-209.1003,0,-611.5179,-209.1003,0,-611.5179,-209.1003,0,-611.5179,-209.1003,0,-611.5179,-209.1003,0,-611.5179,-209.1003,0,-611.5179,-209.1003,0,-611.5179,-209.1003,0,-611.5179,-209.1003,0,-611.5179,-209.1003,0,-611.5179,-209.1003,0,-611.5179,-209.1003,0,-611.5179,-209.1003,0,-611.5179,-209.1003,0,-611.5179,-209.1003,0,-611.5179,-209.1003,0,-611.5179,-209.1003,0,-611.5179,-209.1003,0,-611.5179,-209.1003,0,-611.5179,-209.1003,0,-611.5179,-209.1003,0,-611.5179,-209.1003,0,-611.5179,-209.1003,0,-611.5179,-209.1003,0,-611.5179,-209.1003,0,-611.5179,-209.1003,0,-611.5179,-209.1003,0,-611.5179,-209.1003,0,-611.5179,-209.1003,0,-611.5179,-209.1003,0,-611.5179,-209.1003,0,-611.5179,-209.1003,0,-611.5179,-209.1003,0,-611.5179,-209.1003,0,-611.5179,-209.1003,0,-611.5179,-209.1003,0,-611.5179,-209.1003,0,-611.5179,-209.1003,0,-611.5179,-209.1003,0,-611.5179,-209.1003,0,-611.5179,-209.1003,0,-611.5179,-209.1003,0,-611.5179,-209.1003,0,-611.5179,-209.1003,0,-611.5179,-209.1003,0,-611.5179,-209.1003,0,-611.5179,-209.1003,0,-611.5179,-209.1003,0,-611.5179,-209.1003,0,-611.5179,-209.1003,0,-611.5179,-209.1003,0,-611.5179,-209.1003,0,-611.5179,-209.1003,0,-611.5179,-209.1003,0,-611.5179,-209.1003,0,-611.5179,-209.1003,0,-611.5179,-209.1003,0,-611.5179,-209.1003,0,-611.5179,-209.1003,0,-611.5179,-209.1003,0,-611.5179,-209.1003,0,-611.5179,-209.1003,0,-611.5179,-209.1003,0,-611.5179
DD 9,-0.7665088,0.03853439,-0.8197541,-0.7253473,-0.1389581,-0.8244388,-0.696853,-0.2818201,-0.8212682,-0.6151112,-0.476647,-0.7537725,-0.6067171,-0.4282975,-0.7438059,-0.497753,-0.343899,-0.6955118,-0.3832766,-0.08744112,-0.6667447,-0.1520312,-0.03657846,-0.6759316,-0.0583747,-0.03818859,-0.6458738,0.02810359,-0.05079786,-0.5784305,-0.02296549,-0.04019047,-0.6546354,-0.6518626,-0.4605974,-0.7843692,-0.7112805,-0.5525441,-0.8622555,-0.6082171,-0.7691583,-1.021012,-0.3768188,-0.8305295,-1.037282,-0.3170556,-0.8871644,-0.9706465,-0.2281445,-0.8291425,-0.9930514,-0.2589405,-0.8197687,-0.9511322,-0.6902452,0.05487592,-0.7688193,-0.5051894,0.4065646,-0.6721613,-0.5460122,0.7270404,-0.4521451,-0.4251446,0.8748835,-0.4393616,-0.8352789,0.02379851,-0.8656844,-0.9440433,0.4001432,-0.9816524,-1.095562,0.7502259,-0.8792123,-1.086618,0.9034862,-0.9654588,-0.5757143,-0.5487159,-0.7389946,-0.4801708,-0.4566316,-0.835646,-0.4541318,-0.4949934,-0.8021772,-0.4811609,-0.5516281,-0.6888834,-0.4806403,-0.5083409,-0.8465869,-0.5619059,-0.6124747,-0.8249329,-230.0011,0,-676.9739,-230.0011,0,-676.9739,-230.0011,0,-676.9739,-230.0011,0,-676.9739,-230.0011,0,-676.9739,-230.0011,0,-676.9739,-230.0011,0,-676.9739,-230.0011,0,-676.9739,-230.0011,0,-676.9739,-230.0011,0,-676.9739,-230.0011,0,-676.9739,-230.0011,0,-676.9739,-230.0011,0,-676.9739,-230.0011,0,-676.9739,-230.0011,0,-676.9739,-230.0011,0,-676.9739,-230.0011,0,-676.9739,-230.0011,0,-676.9739,-230.0011,0,-676.9739,-230.0011,0,-676.9739,-230.0011,0,-676.9739,-230.0011,0,-676.9739,-230.0011,0,-676.9739,-230.0011,0,-676.9739,-230.0011,0,-676.9739,-230.0011,0,-676.9739,-230.0011,0,-676.9739,-230.0011,0,-676.9739,-230.0011,0,-676.9739,-230.0011,0,-676.9739,-230.0011,0,-676.9739,-230.0011,0,-676.9739,-230.0011,0,-676.9739,-230.0011,0,-676.9739,-230.0011,0,-676.9739,-230.0011,0,-676.9739,-230.0011,0,-676.9739,-230.0011,0,-676.9739,-230.0011,0,-676.9739,-230.0011,0,-676.9739,-230.0011,0,-676.9739,-230.0011,0,-676.9739,-230.0011,0,-676.9739,-230.0011,0,-676.9739,-230.0011,0,-676.9739,-230.0011,0,-676.9739,-230.0011,0,-676.9739,-230.0011,0,-676.9739,-230.0011,0,-676.9739,-230.0011,0,-676.9739,-230.0011,0,-676.9739,-230.0011,0,-676.9739,-230.0011,0,-676.9739,-230.0011,0,-676.9739,-230.0011,0,-676.9739,-230.0011,0,-676.9739,-230.0011,0,-676.9739,-230.0011,0,-676.9739,-230.0011,0,-676.9739,-230.0011,0,-676.9739,-230.0011,0,-676.9739,-230.0011,0,-676.9739,-230.0011,0,-676.9739,-230.0011,0,-676.9739,-230.0011,0,-676.9739,-230.0011,0,-676.9739,-230.0011,0,-676.9739,-230.0011,0,-676.9739
